Symbol	MCL_5	MCL_4	MCL_3	MCL_2	MCL_1	MCL_20	MCL_19	MCL_18	MCL_17	MCL_11	MCL_15	MCL_10	MCL_8	MCL_6	MCL_12	MCL_16	MCL_14	MCL_13	MCL_9	MCL_7
ABCC1	11.7652267735011	11.9111380862426	11.4137421830241	10.6526513589288	11.387538547765	10.9147373721099	10.7865184651693	11.4046981421395	11.2565051798096	11.0022521539853	11.2938382311308	11.0428362978707	11.551315929618	11.0740046670871	11.2145106674142	11.5595532038384	11.0403977764599	11.3363333468553	11.4326855402344	11.1459217831672
ABCC4	7.71178751453966	7.17112386056064	4.46647053056379	6.78773303379557	7.76808767065858	7.85041424264008	6.92533147974263	7.58015579925449	6.7561280111734	7.84386877442568	7.4637632325731	8.13360176179388	6.97966778217776	9.62850188708116	8.09206437613873	6.26770644818886	8.54159191948842	7.57830613716123	8.68996067677952	8.02763268533983
ABCG2	2.98386705997646	2.73371854825334	3.27382545262139	2.5705023175749	1.8138913602717	3.82656750068571	3.29306326424312	4.64638949765457	3.91962674345628	4.51618141024963	2.45733696341366	2.26147658434604	4.23891060884918	4.00791547662928	3.55808580413638	3.09778144674654	3.01802996343141	2.90588079518974	5.46114198628363	0.334145727840507
ABI1	11.1165809823217	10.727128738893	10.895354082574	10.4433310771098	11.4181356941476	10.7374600268517	11.2089426430789	10.5233786075492	10.6377926304937	10.8546058250332	11.1201324766304	11.771251588673	10.6748549640282	10.165767645771	10.6752959887808	10.8149682397248	10.4400947296042	10.8006985584977	10.3003457743806	10.0578066722505
ABL1	9.18680711864674	8.81764103179843	9.45373454263633	8.59287013060336	9.98715207427727	9.32694466932193	9.35267812054034	9.62542987901893	9.60812684828584	8.62721272263837	9.70526447685725	9.34590536550674	8.95387910074285	9.11225213644402	8.39518806958804	8.5095950451511	9.21524665654146	8.08246952691306	9.546481655641	9.4439763821193
ACKR2	4.56882956069762	4.84919576567328	3.71439804400737	4.70800584132484	2.55085695443791	4.50463940579835	3.77849009141336	4.06142699693342	3.69723432211983	4.572764938616	3.23494454207721	3.70204917573202	4.31291119029295	6.68598738174192	3.55808580413638	4.99086624283003	4.26595747687499	3.90588079518974	4.94656881345388	2.50407072928282
ACKR3	5.30579515486382	7.64060914386186	6.9978519910801	3.94901394082863	6.08690985467812	6.34594165977929	7.43056678799305	7.50564552162421	6.24155483834364	6.04225022191722	6.09292553720479	8.54951868508099	5.99098309540559	7.00791547662928	7.7479103630164	6.33482064404739	6.01802996343141	4.9647744842433	8.33397074581852	7.11550544136517
ACOT12	3.39890455925531	3.14875604753219	2.05143303128495	2.8335367234087	1.8138913602717	3.50463940579835	2.29306326424312	2.68291537367969	3.11227182139867	3.45728772119606	2.45733696341366	2.45412166228843	2.99098309540559	2.68598738174192	0.973123303415226	2.29042652468894	2.60299246415256	2.90588079518974	3.13921389139627	2.14150064989811
ACSL3	7.71178751453966	7.80696753028398	7.65629508944381	8.02336128228871	8.09311500420483	7.96952545452776	7.6506152688612	7.96831759254193	8.17836101185644	7.80896315947748	8.18525741797686	8.33370491190121	7.70522861307171	7.41390783630512	8.22578873586547	7.56655092996318	7.60299246415256	8.0144052519679	8.37283356815597	8.21678877720235
ACTG2	4.39890455925531	4.79261223730691	2.92590214920109	4.05592914474514	4.31639170080089	3.9196769050772	3.77849009141336	3.44845012004266	3.43419991628603	3.8723252204749	3.55687263696458	3.84643908506719	4.69142281354668	5.27094988246308	3.67356302155632	5.6123546195763	3.7184696815725	4.02135801260967	4.72417639211743	3.65607382272787
ADH1A	2.39890455925531	1.73371854825334	1.78839862545115	2.24857422268754	2.22892885955055	3.24160499996456	2.77849009141336	3.06142699693342	1.52730932067752	2.45728772119606	2.45733696341366	2.91355328092573	2.31291119029295	5.27094988246308	0.973123303415226	3.74985814332624	2.82538488548901	3.32091829446858	3.13921389139627	1.91910822856166
ADM	8.32964189681819	8.01912076711559	9.52446225332297	11.1584673064576	6.37867597905523	6.00713974632754	10.1017057321612	10.1747684700094	5.8848613252956	9.48887406425389	8.14183513768573	4.70204917573202	6.89787369101411	7.11225213644402	6.97312330341523	6.55721306538384	9.04869709967835	7.87550714614622	8.2106762539529	4.61954794670276
ADORA2A	7.79978399553749	8.33363139044047	6.56450261352432	8.59730237691862	8.55535834667285	7.08960190651951	8.521881954739	7.08890773335552	8.39767404026092	8.3317568391122	7.71607123181383	8.10517335346736	7.26710750067983	8.50616634415711	8.69079972648162	6.8753890254101	6.96054446877065	8.76800152067823	8.80809887566252	6.8098791588069
ADORA2B	4.30579515486382	3.73371854825334	3.05143303128495	3.24857422268754	2.55085695443791	3.08960190651951	3.55609767007691	3.60891479223591	3.11227182139867	5.00160823741987	3.55687263696458	2.91355328092573	4.79833801746319	5.68598738174192	3.97312330341523	3.6123546195763	4.33995805831877	8.80875832829163	3.83965360953736	4.33414572784051
AGO2	7.46499374971308	8.01912076711559	7.48883834359224	6.93507474987076	7.03628378160815	7.76516695602157	7.26575591824738	7.4270764692501	7.10473814871326	7.73651136512918	8.13782207517911	7.17522085099562	7.53787755529323	8.20954933779893	7.58783314753043	8.03189351109009	8.23234908423217	6.89077390279953	6.79742537414807	7.85770768389752
AGO4	9.60835792488425	10.1571846696028	9.98019812651623	8.76821047553075	9.27605277166457	9.59210224704869	9.89594767296153	10.0683464108732	9.91640284258199	11.1611912946407	10.3650860505922	9.59750487627825	10.1138110902133	9.96675815187252	10.6115592174057	10.5454550945077	9.78786780706085	9.04883874903178	9.03403165470421	9.01186536948152
AIMP2	7.18026427277997	7.17112386056064	7.64139621306447	7.77995568320385	7.5418118148349	6.44323886113421	7.05859801060609	7.25580504210027	7.39767404026092	6.31526871632363	7.52649898792106	7.64394622116845	6.31291119029295	7.81527039868689	7.41606679926395	5.96285186666043	7.16777708293609	6.25165563203147	8.5696664430618	7.29993001250259
AKT1	11.1165809823217	11.0222001600476	10.9052623831421	10.9333228431092	11.4474920957408	11.3816678556628	11.3730812933323	11.4111760463888	10.5371379380456	11.3121561044563	11.3689429533403	11.0734246177041	11.3202188371394	12.0566747885491	11.2061437298897	11.3963350332601	11.5968743549896	11.114521603748	11.394242461215	11.5918282085493
AKT1S1	6.28154760861715	6.52379547887911	6.28664949297898	6.87793084276715	6.18312516993742	6.76516695602157	6.8659529326637	6.30350178413156	6.82193006956914	6.47223806266203	6.50796303648363	6.61399299906682	6.6203397154852	6.93391489518551	6.90386064097811	6.82958533579697	6.77291746559488	6.97912977722037	7.45209684668063	6.37853984719896
AKT2	11.1859908838069	10.9488470351572	11.0263255720774	10.9908836587715	11.0946621304023	11.4180275130068	11.8723792018231	10.9921643344963	11.4368274349741	11.1303022790389	11.3486867081264	10.9242720975628	10.8903400183287	10.840805490794	11.886386734044	11.2612514260516	11.4978102274605	11.342592337327	11.3153870405038	10.8523070835975
AKT3	11.3035391809235	11.9427656925532	11.0528412256778	11.8549794353853	5.8138913602717	11.9493092331213	10.1170673151763	11.2068693131764	11.7686966846765	11.7264144003455	11.3399800127755	7.26147658434603	12.2080320089619	12.7385554325461	12.0506066602747	12.551639976055	11.9974551587629	11.8316824623865	11.7142803559749	8.91534630976546
ALDH1A3	3.72083265414267	2.73371854825334	2.46647053056379	2.8335367234087	1.8138913602717	3.9196769050772	3.43056678799305	3.06142699693342	4.05087127673453	2.19425331536227	2.97191013624342	3.03908416300959	2.7983380174632	6.49334230379952	3.29505139830259	3.46035152613125	3.82538488548901	3.12827321652618	4.83965360953736	2.50407072928282
ALDOA	12.6062239857131	11.8855807466311	11.6494855314465	12.7819039549934	12.303404860285	11.6166444313115	12.3637209256312	12.0728693071444	12.4353265817403	12.753630405889	12.1735439974131	12.5990984863385	12.3100906712306	12.3343449637516	12.180442729873	11.806126362973	12.5545200366306	12.3265428436625	11.9364701089061	12.169998764285
ALK	3.20625948131291	2.14875604753219	-0.53352946943621	0.248574222687539	2.22892885955055	3.82656750068571	-0.0288648306442472	1.36098727879232	1.11227182139867	0.872325220474904	1.97191013624342	-0.545878337711569	1.57594559612675	5.59287797735044	2.29505139830259	2.8753890254101	2.33995805831877	0.32091829446858	3.30913889283858	-0.665854272159493
AMOTL2	3.20625948131291	1.73371854825334	1.46647053056379	1.8335367234087	1.22892885955055	-0.0803230949228038	1.97113516935575	1.94594977951348	1.84923741556488	1.8723252204749	1.23494454207721	1.03908416300959	0.990983095405591	1.68598738174192	2.29505139830259	1.8753890254101	3.18795496487372	0.32091829446858	2.72417639211743	0.334145727840507
ANGPT2	5.72083265414267	2.73371854825334	2.05143303128495	2.5705023175749	4.98381636171402	5.64759735964039	2.77849009141336	4.3151835891792	3.22774903881861	4.73030621560248	5.07624679605816	1.45412166228843	2.7983380174632	5.93391489518551	0.973123303415226	3.74985814332624	3.01802996343141	1.90588079518974	6.79742537414807	2.65607382272787
APC	10.004384077317	10.2676971202557	10.9259021492011	10.4725758968856	9.74068151331793	10.7026751139976	9.85987841825401	10.1091801283818	9.65272279116083	10.6772628925268	9.89909549406979	9.47648947531689	10.3811520516058	10.2896137267281	10.1789165528124	10.2705661023281	10.1226287169958	9.78239774175474	9.59659477046881	9.03111325407479
AR	2.72083265414267	2.73371854825334	1.05143303128495	1.24857422268754	1.8138913602717	3.08960190651951	1.55609767007691	1.36098727879232	2.52730932067752	2.19425331536227	1.64998204135606	2.26147658434604	1.99098309540559	5.49334230379952	1.97312330341523	1.29042652468894	1.60299246415256	2.64284638935594	4.22667673264661	0.334145727840507
ARG1	5.48636740050564	5.43415826639444	5.39720786812668	3.05592914474514	5.62124628232931	6.62011662321829	3.29306326424312	5.24363032815417	1.52730932067752	12.7667640750372	5.81990704279837	2.26147658434604	7.89787369101411	7.00791547662928	4.8311042985428	4.93428271446366	9.70102454711309	4.71323571724734	4.04610448700479	7.01362582734595
ARID1A	11.5887291181353	12.094565632433	11.6488648839683	11.2193991240502	11.3309045304998	11.5111992516479	11.1993526116492	11.1707554075027	11.0385678161798	11.2473646518218	11.0783422140603	10.8067168934227	11.0896731920792	10.5625043283069	11.1579986463235	11.1437360800926	11.0452448485912	11.008293977906	11.4543634536526	10.8239936882798
ARID1B	10.2630907039096	10.3311504009367	9.40310846956636	10.5772491500155	9.9821456087295	9.4055062137791	10.1818065131414	10.0012322150147	9.84472193444238	9.78221830424495	9.92843149957654	10.1388702827101	10.3736071219805	9.74126981724311	10.3835746549192	10.6578412759358	9.50988305976108	9.91524289839343	9.86372774451622	9.66618227620216
ARID2	9.54865167875999	9.66445588581623	10.6257111809755	8.90678570543933	10.1670381857698	10.5716255158006	9.73268640180023	11.0549097668733	10.2813616882064	10.4143897627583	10.0336863338301	10.2766924932386	9.95387910074285	10.3689819654236	9.27690405159233	9.86596577152347	10.8635200143758	9.14746678175949	10.1958516065095	10.1006746364394
ARID4A	9.96114698347638	10.306102982895	10.7161765875335	10.2400960687632	10.4874948934405	10.4904813428017	10.0926686866958	9.86580626642517	9.10473814871326	10.4066281029295	10.0487257332943	10.0568205273064	10.9796677821778	10.2212627583627	9.93457299781342	10.8334583449442	9.56106178368664	10.3024855763716	9.6783727025043	10.1858947692566
ARID4B	11.0624626634726	11.2754605203754	11.1344690662363	11.0470460237892	11.5172182017315	11.3189548295862	10.5015415064548	10.9678551161665	11.0833363134022	11.0340869637796	11.1175875914391	10.2590593343403	11.5811022695128	10.7249063710342	10.7861027746667	11.7600683419285	10.2004243168359	11.2560833440723	10.8594581496838	9.77708922368924
ASH1L	9.8230708480734	9.89190744164469	11.1384538026557	9.1003232641036	9.80446810638508	11.0864676557954	10.0466143188438	10.5334147874378	9.14569482293612	10.777712225493	10.1114614886422	10.9614207864112	10.6748549640282	9.87581194062194	9.91563780875447	10.5907790850172	10.6573706720836	10.4268268030397	10.055093270232	9.75936163113989
ASXL2	8.38189813394962	9.07059698460668	8.3643159865693	8.33072326404141	8.92589638578484	8.79312101759257	8.11579341218764	8.30056649310702	9.09906196418106	8.67968014253251	8.24243907862414	8.62153980812017	9.07579148320995	7.75207657219969	8.24924770868946	8.67844381003408	7.97803189549949	8.34882429103846	8.26333520322546	8.09236894256723
ATF2	11.2975059466592	11.2500752019555	11.4558650304085	10.7504114075898	11.1663026797427	11.3760313201855	10.826003552616	10.8285928288753	11.0106212756769	11.1214386731886	10.8727769442242	11.2992196232614	11.4585886454886	11.11015367056	10.8542372640903	11.4344473939558	11.0194381578242	10.7834205670658	10.5033485464043	10.6773314432884
ATF4	10.8490848064201	11.6189064828065	10.5704139604553	11.0134458134236	10.938874239783	11.369857152242	11.4062845077227	11.1839563692456	10.6351802349571	10.8546058250332	10.8373341145566	10.662965653023	11.5441323710041	11.1371984935742	11.1610938953994	11.5306215786689	12.2976405444839	10.7132357172473	10.9979719913317	11.1940687007023
ATF7IP	12.2206785412259	11.3745659881557	12.0379861810416	11.2771709997546	11.6319408831255	12.3969292290151	11.6663634608515	11.3450496484788	12.0766126891911	11.670391940838	11.5341525604645	12.1715838926381	11.9356951564491	11.2951661198839	11.0338192351028	12.4126074259487	10.8937793148515	11.2670935351921	11.2093348358731	11.4823045007784
ATG101	8.75205138475339	8.24678813049271	8.65134587347207	9.86879404819503	9.21477079655389	7.89122045902797	8.99072589771363	9.37640233117901	9.71836853520917	8.44975404851065	8.85943540698501	9.22395950591787	8.58344013267367	9.07830480452068	9.35250167048649	8.31279433771739	8.53766621627462	9.3180977754062	9.60478029620567	9.31142565134042
ATG2B	8.94965134463855	9.39430875378787	9.90837723510603	8.52934499281814	9.39383578622624	9.89409149488272	9.40576339699248	9.56433528177209	9.52448880161514	9.61379220687605	9.32593907429781	9.27908040281695	9.70865951847199	9.40708657044911	8.85576635277707	9.72505475232566	9.1317721294806	9.05562791469442	8.77220908853923	10.0612152858642
ATG4B	9.85628543832784	9.43415826639444	9.66859435439425	9.57275476930628	9.65938141121608	9.86658317953359	10.0796596261339	9.67273559379728	9.68970064943442	9.63054843520163	9.90501061117479	9.87723757243553	9.60200789271294	9.45417170651885	9.6648668225865	9.89775683843855	9.92040507791743	9.765933140337	9.60681944147927	10.021521411278
ATM	12.4415899314747	11.3835734786495	12.2954003582153	11.7484201097707	12.5721145749984	12.393636270772	12.2746305461461	11.690783617013	11.0866864112042	12.0661585530215	11.1543044896479	12.5779197535403	11.7112273536932	11.9051559022041	12.2723313218025	12.0953641967408	11.7985697309034	12.3927158167528	11.4275032335772	10.9340585700276
ATOX1	10.7630392142634	9.52379547887911	9.07933902785483	11.0250072551323	9.98715207427727	9.2461063921995	10.1671224673843	10.2917246163552	10.5981011301006	9.92353416138967	10.4828720555208	9.16664866272825	9.45858864548859	10.0169042598565	9.90681395836746	9.45029786146733	9.4210419870064	9.59704269974282	11.7776498053867	10.1551224204617
ATP7A	6.50742901603347	6.3385806064122	7.15995748806311	6.47739291318342	7.19471314421263	7.06942402458188	7.11068652175455	6.5898059692882	6.72698166551388	7.45728772119606	6.95376278953316	7.12654700425993	6.82387310957033	6.27094988246308	6.54297891174617	6.46035152613125	6.01802996343141	5.78034991310588	7.00957861097968	6.88104018772814
ATR	9.3177677965299	9.83350466795381	10.1148281125735	8.00346172485101	9.262351861088	9.73185421059164	9.55045110693577	9.64291730574777	9.40536023340605	8.99385873781494	9.19880394981481	9.53093725933926	9.53787755529323	8.51887739590666	9.28373608507476	9.53835403813252	9.04316952570992	10.285259162261	8.98156423481008	8.95253123009911
ATRX	11.4783893430821	10.9011366940851	11.7733866440863	11.2027705330744	10.8129517998081	11.8577862312964	11.0632315843465	10.9766169157604	11.0091087523433	11.2694650267105	11.1646960954945	11.4636004081765	11.4753025190499	10.8101086935711	10.6043003591192	11.0157927825846	11.0981812730455	10.868776800527	10.690922153017	10.5944772463981
ATXN7	9.32668252133765	9.35820941316114	10.1884241433652	8.96625064575393	8.96024789057561	10.1193492499136	9.55797495731758	9.46951173557049	9.26201894090335	9.73651136512918	9.32770168299707	9.37447451770351	10.013350908434	9.42069700196776	9.43664767668641	9.77826655851199	10.2371984838936	9.63153107612811	8.93362975774638	9.08568978692961
AURKA	7.28154760861715	6.39668356097577	7.28664949297898	8.38300054290847	5.72078195588022	7.7270318271348	7.23792171005065	7.79561550642905	8.96402086281473	8.30277777214044	7.71607123181383	9.42278845548364	7.09950755218376	8.66326730524184	6.89198654068982	6.96285186666043	8.66548838988633	6.87550714614622	9.5696664430618	7.94517052514786
AURKB	4.98386705997646	4.39668356097577	3.46647053056379	7.05592914474514	3.39885386099286	4.31199432785596	6.01552928871421	8.1357743383935	9.52871751507032	7.15772743933715	6.10941365999336	8.84429061848861	3.57594559612675	8.62850188708116	5.70104375797843	3.74985814332624	8.94580792551375	4.2278088900771	9.25555785263374	6.99948164502568
AXL	2.39890455925531	6.39668356097577	1.78839862545115	2.5705023175749	3.22892885955055	2.24160499996456	2.97113516935575	2.53091228023464	2.11227182139867	3.8723252204749	2.81990704279837	2.62404666373074	2.57594559612675	4.49334230379952	2.29505139830259	3.74985814332624	3.18795496487372	2.32091829446858	5.49676589601436	2.7935773464778
B2M	16.5821134577314	16.246541297955	16.2420808113233	16.3315548365129	16.0204987716774	15.6536455145162	16.3498702998237	15.8432122679467	15.7330643949548	15.9839907164294	16.1884135043061	16.1313595544873	16.6593418165119	16.2443483003762	16.6072111235261	16.2155636723622	15.0436453842863	16.2840853217624	15.7090991600934	15.222603605352
B4GALNT1	4.0993442773964	3.14875604753219	2.46647053056379	3.05592914474514	3.68836047818785	4.96407102443565	2.55609767007691	6.47992835151583	3.52730932067752	3.04225022191722	2.81990704279837	3.26147658434604	1.57594559612675	6.54396837686949	2.78047822547283	4.09778144674654	3.7184696815725	3.90588079518974	4.38714140483986	3.0345854459816
B4GALT1	11.8690549945297	12.0713404502459	11.6338886763955	10.0527052438709	11.2197419387042	10.769863742723	12.6004917894354	9.17637057460586	10.6377926304937	11.6984764352751	11.4697619731945	9.35649677677446	12.510865017903	11.2558429900729	12.3694604976463	12.3484182474481	11.4189093997136	12.1466721273517	10.6696202284953	10.0781385889007
BAD	6.73875456213993	7.27803906447715	7.15995748806311	6.77213617874455	6.70466229051695	6.70103661860186	6.1805885349847	7.19387729295707	7.72698166551388	6.92760765597609	6.86915056181822	6.43140158578835	7.39186253168778	7.77345022299226	6.78047822547283	7.20928976196353	6.92492055903993	6.87550714614622	7.56547864609837	7.19833187249479
BANK1	13.8484401417501	14.9050517440885	14.0978181343961	13.6140764908807	13.5143310784128	13.1111988432053	12.9442943839455	13.2427704151933	13.8694534542154	12.7724372834524	13.3804521785403	13.657775547818	14.0946807021561	13.9854816207513	14.3715998048645	13.2560304611989	9.32636899357082	14.1500463898371	11.9709169906106	14.2027271703828
BAX	11.2823115456437	10.1613805863972	10.945745560814	10.7789805597866	10.4456747177459	10.4790539956039	10.3429118136937	10.3049671931361	11.0231643475647	10.5908580965441	10.6889010306484	10.379676102162	10.9610889860178	10.64598931381	11.0698384579038	10.5758287435512	10.6922222315771	10.5340225141105	10.469010229617	10.9483954555299
BCAP31	10.8947595861425	11.3105177908369	9.6880576518286	9.96110122312736	10.0681326476475	9.58145500284918	9.87652217437388	9.89139361589139	10.37827747166	10.0284082967636	9.94689824823535	10.1176797665057	10.3681936257941	11.0457369420643	9.75775814897275	10.0536388915033	9.14731298037638	10.1298824693878	10.0802614977369	10.2897956353689
BCL2	12.4596004909429	12.9437810314936	11.7642465934579	13.2926267544888	11.0783339604983	12.097719233942	11.2291122279197	11.351445843866	11.8207809695156	11.9990296933181	11.9158900505872	11.9454737358519	12.7719328941553	12.0033999955068	11.5725712849439	12.3093221458106	11.7128231184314	11.6275496561811	11.4594503366379	11.1987188096141
BCL2A1	10.9448343283408	9.17942318377913	11.0377491490784	10.4749864154763	9.30307032230305	9.31413959968751	10.6567600090821	9.72840203003915	7.16393394122116	11.0372321471506	11.292033734284	10.310547190914	10.0462655309068	9.28590022392905	9.98853835580191	9.88661628083335	11.6248978008056	10.6529548428302	12.9127652378248	7.67399573072513
BCL2L1	9.19332042560541	8.93665860692362	8.59317500340698	9.10655521781511	8.88356488807852	9.2027652581012	9.6077597898994	9.07179371249168	9.17476774713244	9.76714298378285	9.64998204135606	9.5587204158528	8.89486494114177	9.19378202194062	8.93601930875249	8.52404620144864	9.29880073356201	8.97912977722038	10.9401137913166	8.99057059111829
BHLHE40	10.3646888439174	9.97053002950275	8.80186088525771	10.6236136540345	9.262351861088	9.11443375949944	10.0939631641634	9.82246672607848	10.6514306325067	9.84099201367011	9.27933866143567	9.12831393043411	9.71379062657514	9.81010869357111	11.0698384579038	8.142175566105	9.93838281884649	9.19128301405198	11.1567182925057	7.83399161492371
BIRC3	7.47572015630614	2.73371854825334	5.78839862545115	6.65796515882524	7.28421129505174	8.52700721882681	6.64356051132725	9.18912376298643	7.90234875202444	7.12025273391849	6.23494454207721	7.0163640865095	7.81116205782078	9.72490637103422	9.09465682075526	8.49987989031789	8.29880073356201	8.24573079807436	8.66277584745328	3.14150064989811
BIRC5	7.28154760861715	6.1260359710321	3.16691024870488	10.1719017081067	4.98381636171402	6.25952690796182	8.02098371880632	10.7495427827749	11.1489033596951	9.41148403158294	8.5598751251261	10.7120987208524	5.38330051818435	10.7055781100998	7.86794106672317	4.37788936593928	10.9693146783984	5.64284638935594	11.4884951202137	8.69828038284856
BLK	11.2838382072051	8.81409196471736	10.881155766371	9.92453125562929	9.99876670317999	10.311994327856	9.640020153622	8.81425791280295	9.76212675179484	9.46103985605717	9.06572380964615	10.1862890879518	10.7886446212594	9.6343546133266	9.57117580357683	9.63694025785457	9.57645067670007	10.3067602314719	8.55706640628217	9.14150064989811
BLM	8.58377990216359	8.55814698366989	9.38682338597887	8.93507474987076	8.36848021194934	9.03602086631467	9.13352649811266	9.92418355100906	10.1420191647927	8.80306255803779	9.14783387830717	10.2838443973745	8.65276119317758	9.92916136521487	8.47694904141098	8.63915467892002	8.44009472960422	8.55453797122828	10.7363353201858	9.7070107879531
BMPR1A	9.09239151675463	6.90364354969565	10.4867560314084	9.23441615969088	5.22892885955055	8.06942402458188	6.38052610549345	7.63711168406656	9.91640284258199	9.19650576709365	9.3659440316112	6.18204211685163	9.059761373391	9.53147743268629	7.45693908067948	9.96990662419439	8.47335718373597	5.32091829446858	8.01573083796127	9.16069421513142
BMPR2	7.76522677350112	10.7176622020343	11.211724672521	8.55691325282695	10.8745872919593	9.915444055955	10.8414998889392	7.82859282887532	6.52730932067752	10.4750240854929	10.4378846007475	7.6684407830892	9.97112267304475	8.85591238318423	9.8264328588189	10.6934385482639	11.0095518095071	9.98802983654361	7.8327008488956	7.29993001250259
BRAF	10.9829274995128	11.4014214799824	11.3221176965911	10.7760512287479	10.7583594136967	11.3511745093352	10.3385499206026	10.760799238118	10.2645566637053	11.3126753396755	10.5531107181684	10.7162165076586	11.4302945572244	10.5563521013253	10.3643668928427	11.1730695740508	10.5028528576936	10.7429830606414	10.7437671204753	11.1543246902557
BRCA1	6.80829549539301	7.07949338509507	7.81076643847961	8.53859306962016	6.31639170080089	6.76516695602157	8.03722435981352	8.36098727879232	9.84585213038024	8.06214977935492	8.42147151085666	9.66600995683443	5.87362614476743	9.25584299007287	7.02840573891642	6.59420727286604	9.54746051757756	6.40838113571892	9.38000522355823	7.62876647673214
BRCA2	7.63730929858038	6.3186810489745	8.11032672033851	8.41849922412985	7.06181887371529	8.06433514790908	8.66462212685508	8.53840681678156	9.36493725384892	8.69569246052114	8.53567841469545	9.69967436854411	7.33971124963667	9.54396837686949	6.34816273476215	7.6123546195763	10.2706953958817	7.26343279980782	9.74469340945794	7.32849916469937
BRIP1	6.58872911813532	7.3186810489745	8.00950235081903	8.55691325282695	6.70466229051695	6.64759735964039	7.43874071943875	10.439138086527	10.1846277702588	8.623869279564	8.00753404597414	9.92579687668048	6.21980178590147	10.252041419913	7.10240632036019	6.37788936593928	10.5435507725265	5.60632051333083	10.2851460372168	8.78122895405016
BRMS1	9.02461340231977	9.02220016004756	8.58800404790382	9.08777801078448	8.73672349974924	8.73666052833258	7.89594767296153	8.66932630893173	8.5469000490354	8.30277777214044	8.62439663116158	8.46255028435901	8.80796671866097	8.99887033702628	8.57674964840142	9.0386193742784	8.72883639713076	8.94662713753305	8.86031308010346	8.58917429765924
BTK	11.334069608859	10.6275256670079	11.017217315947	11.3906812799901	11.1153875552543	10.7334580962942	11.3905687200611	10.640017415242	10.9530497449937	10.3571481147371	11.5280329540846	10.7607530240009	10.5484467970034	10.7866497207471	11.8396295156414	10.3924021956382	10.0624240827899	11.4398593671921	11.2346109141888	11.0332843531164
BUB1	8.18026427277997	6.71861165586313	6.81519868479487	10.159966210531	7.40883794956548	7.06942402458188	8.57476151434195	10.2520114689418	11.4360772035267	9.20100014780285	8.99871019558713	11.0884789634264	5.66340843737709	10.5898692274781	7.33944551766104	4.37788936593928	10.3930693947783	6.5107428533486	11.6169721578402	8.24103632344903
BUB1B	5.8583361778926	6.1260359710321	6.05143303128495	8.67063898886035	6.18312516993742	6.02820136185537	7.92533147974263	9.67839989255719	10.3282092205978	8.68930884373028	7.65560659054994	10.6714735675588	4.45041471404289	9.91960705850162	6.36544072619399	5.33482064404739	10.943584403305	5.9647744842433	9.28132094869882	7.4478878938897
BYSL	7.96114698347638	8.09127055287143	6.83279274480961	8.79546868257518	8.63831979568825	6.90836159184936	7.83532131401003	8.02987226305857	8.50172391048304	6.99126629319841	8.2045708930337	8.16148079436931	5.54557194708323	8.34419886449372	8.17279564825159	5.53835403813252	8.95172061838364	7.27511460485545	9.18906244084683	8.48643057014709
C3AR1	7.67502896452954	5.98164606169693	6.13889587253528	5.41849922412985	6.45774755004643	7.00713974632754	7.82288421077181	7.60891479223591	3.98674093931481	10.2043617688366	8.42147151085666	3.97768361834544	6.81116205782078	8.25584299007287	5.9273196138021	6.39895098146711	8.1829368901071	6.5107428533486	7.83965360953736	5.19212672296808
CA9	2.98386705997646	3.47068414241955	2.27382545262139	3.05592914474514	3.03628378160815	3.08960190651951	2.97113516935575	2.16834220084993	3.43419991628603	3.04225022191722	3.35042175949715	3.26147658434604	2.31291119029295	6.6401836921288	3.43255492205252	3.29042652468894	3.60299246415256	1.32091829446858	3.59864551003357	2.14150064989811
CACYBP	10.9687601675863	10.3073657357467	10.2961932656498	11.0695509153088	10.6666809318742	10.0528191174778	10.3374573836016	10.618375121485	11.1988503873894	10.2110616030488	10.6229618274223	10.4119492231222	10.2682704955359	10.8881112055724	10.8792622996106	10.3551692894392	11.2665505683698	10.3923806570252	10.8396536095374	11.3651576352782
CALML3	3.56882956069762	2.14875604753219	3.16691024870488	1.8335367234087	2.8138913602717	1.50463940579835	2.97113516935575	1.94594977951348	2.11227182139867	1.8723252204749	2.45733696341366	2.26147658434604	2.7983380174632	5.85591238318423	2.78047822547283	3.6123546195763	2.60299246415256	3.12827321652618	2.94656881345388	2.14150064989811
CARD11	9.2599914652507	8.32368173003286	11.0162551985116	10.2943338840702	10.1463009390274	9.73345809629423	9.10812628143598	9.40947415278466	10.1593957335127	8.47223806266203	9.53720265682444	10.1905235936067	9.48283619173526	8.94337522443457	9.50060030947562	9.20928976196353	9.49982939509716	10.3349387647835	9.93362975774638	9.6538178487875
CASP3	9.79978399553749	8.15438059672607	10.0866903560713	10.7008154631184	10.7006040739426	10.3954103360436	9.67157488749685	10.5855919603308	12.073239089763	9.91944913258893	10.3055127645117	10.0715891275826	9.35073265572792	9.90030650254269	9.58045361716484	9.66763705507749	9.64920701913539	9.03172472816793	12.0080364461713	9.32424969169801
CAV1	5.72083265414267	6.41554258822709	2.92590214920109	4.15546481829606	2.55085695443791	4.96407102443565	3.43056678799305	5.40538139815078	4.91962674345628	3.45728772119606	4.45733696341366	5.33676471165027	5.66340843737709	6.38642709988301	4.72801080557869	2.6123546195763	6.04039777645986	3.49084329591089	7.91400095099745	2.65607382272787
CBX2	6.23179457342005	4.54107347031095	7.6363955320061	4.94901394082863	4.62124628232931	6.1864634457721	5.77849009141336	7.39441028032977	7.41605256957577	4.91671933983336	6.69437616071451	4.70204917573202	3.1609080968479	7.46734709526658	2.55808580413638	3.09778144674654	7.05145296496886	2.90588079518974	7.19449632689746	7.69169773245859
CCL13	2.39890455925531	2.95611096958979	1.78839862545115	1.8335367234087	0.228928859550548	3.37910852371449	2.97113516935575	1.36098727879232	1.84923741556488	3.572764938616	1.23494454207721	1.03908416300959	2.7983380174632	5.93391489518551	2.55808580413638	3.29042652468894	2.33995805831877	2.90588079518974	4.94656881345388	1.91910822856166
CCL19	2.98386705997646	1.73371854825334	2.78839862545115	2.8335367234087	2.55085695443791	2.24160499996456	2.29306326424312	2.16834220084993	4.65659233762248	1.45728772119606	2.81990704279837	5.45412166228843	3.1609080968479	3.27094988246308	0.973123303415226	1.8753890254101	2.01802996343141	1.32091829446858	10.004947162248	0.334145727840507
CCL2	4.20625948131291	3.14875604753219	3.05143303128495	3.41849922412985	3.22892885955055	2.9196769050772	4.21906268279934	2.36098727879232	4.17116551045224	3.67968014253251	3.64998204135606	5.66357502791738	4.1609080968479	6.32984357151665	3.78047822547283	3.99086624283003	3.92492055903993	2.32091829446858	10.7100183291208	2.65607382272787
CCL21	4.0993442773964	3.60818766616948	2.6363955320061	3.8335367234087	4.03628378160815	4.00713974632754	2.55609767007691	3.60891479223591	5.28219682284098	4.04225022191722	3.23494454207721	6.36101225789695	3.7983380174632	6.00791547662928	3.29505139830259	2.8753890254101	3.82538488548901	3.49084329591089	8.98156423481008	1.91910822856166
CCL4	8.14037154565645	7.98795983562913	7.70964451403674	8.25980147811079	6.15966619711343	7.96952545452776	7.43056678799305	9.34682921579567	7.60412491772835	8.62051807006436	9.64008600521356	12.4094083078129	7.64919457815739	9.24057623341956	5.75448301693989	6.6123546195763	8.55330534005221	8.35434129600603	13.4048289378807	6.50407072928282
CCL5	12.2006129181718	10.4014214799824	8.34605378017657	8.98666648230803	8.01683141894198	11.0870950509089	10.934031174693	9.12419964560672	8.63059712908954	10.4221098884228	9.1968765012437	10.3413422777568	11.5895009060182	9.89544074737087	9.26774405230685	10.7882783616401	10.5287941313493	9.91710805061299	11.1078806845915	10.1122228573759
CCNA2	7.16708888403223	6.14875604753219	5.55393337181413	9.48697896201262	4.87278504932527	6.5343867491924	7.96548860621461	9.730584625071	11.3414912048678	9.42691407215254	7.92144506926043	10.550836816777	5.45041471404289	10.1413146020465	8.50839868003603	4.8753890254101	10.4609734592801	5.36531241382703	11.0625413768155	8.36205172441039
CCNB1	8.57881364927024	8.04962285551294	7.4494641052581	11.1096611286829	7.96363847977639	7.82656750068571	8.96265701543145	10.4277492111792	11.775533410346	9.79267807588998	9.6358239783594	11.7200296715195	7.05707228586336	11.0825921629238	8.45290356744433	6.86028213301989	10.4092735528589	6.81277139079825	12.3404188986958	9.61954794670276
CCNB2	7.15379206141877	6.1260359710321	4.37336112617231	9.51066906805772	4.98381636171402	6.42747154527589	7.60049178943536	9.90595171158156	11.0045616446155	9.18973783423977	8.81488896803175	11.1532602875643	5.87362614476743	10.6255665960566	7.48091794361392	4.53835403813252	10.1550210755116	5.2278088900771	10.8213306563463	8.68949682426532
CCND1	14.6405153717238	12.4295268176628	13.604262205919	15.1326016101881	13.2666473893042	14.9649246396554	13.6161180245848	12.6508620794924	15.1502190871377	13.2914953855034	13.9400008882887	14.6386096317173	14.3294409385364	13.6785717257477	12.4271655008853	13.4087187577159	3.60299246415256	13.880056350111	15.6047802962057	14.6000903532323
CCND2	9.76303921426336	9.6466078844833	6.73325707125869	5.33603706393788	6.37867597905523	9.00713974632754	7.19995385985163	6.72730949303814	8.36019933484226	9.88494975933996	8.34694956759034	7.97375791513164	8.50668293368963	7.61672471930481	10.8488726548353	7.96285186666043	8.1575813158302	9.12181819438888	8.93037677995129	7.71352409491177
CCNE1	6.50742901603347	6.00673704265976	6.11032672033851	6.90678570543933	4.47685637299413	5.77765790020477	5.90187250691864	7.01919876154412	7.37279937162189	8.00160823741987	6.02502147270298	7.91355328092573	5.99098309540559	9.08686681802411	8.63490140118721	5.74985814332624	11.440620397324	7.63380124975294	7.85345940906239	7.91157455587626
CCNE2	3.56882956069762	2.14875604753219	2.46647053056379	2.5705023175749	2.22892885955055	2.7270318271348	0.971135169355753	3.68291537367969	3.33466424273512	2.8723252204749	2.23494454207721	3.84643908506719	2.31291119029295	5.00791547662928	0.973123303415226	1.29042652468894	4.26595747687499	2.64284638935594	2.13921389139627	2.50407072928282
CCNF	8.30579515486382	7.70334489920982	7.30567431866073	8.50123965513779	7.99711318432747	7.34594165977929	7.72602267151922	8.67160006045185	9.59877168323414	8.10594489723461	8.4986049817854	9.72791726150269	6.53014190651362	9.82041370196285	7.80601331757997	6.22116386225183	9.09484556048224	6.60632051333083	10.2079921693817	8.01362582734595
CCNK	11.3370138854745	10.9577202224514	10.5963974640742	11.0782969577736	10.9128007281732	10.7557272601353	10.8514839775118	10.6952605640995	10.7888166298796	10.7396039601846	10.9571828504969	10.8378259547625	11.0804335765215	10.9667581518725	10.7569400627354	10.8706850921887	10.4947761673709	11.0170164654244	11.0378152788002	11.0552449165477
CCNT1	9.70040075423785	8.88346566775802	9.8040924325563	9.2114702280248	10.0962075992602	10.0321164118587	9.97535563567395	9.0245453830096	10.1539309730359	9.81043454669414	9.88958057060518	9.8677495913126	9.93056230972028	9.62262532074449	9.88301638718527	10.0864661335187	10.2456459068456	9.66964644869966	10.0325154222568	9.72967986330281
CCR1	8.8746379902217	7.515078261778	7.53255972102156	9.34660630564807	7.30574445660138	6.57788838782899	8.4868350076398	7.90401909904756	5.79409586137242	8.12499065292515	8.96513160361236	5.23548137581309	8.79511411658891	10.3584127237134	7.26774405230685	6.91978314476855	7.57261881510905	7.14109725688377	9.35110218594228	6.50407072928282
CCR2	9.30278640499149	7.84224300503151	8.79962588087441	8.85220056767373	9.30039122210717	7.52700721882681	8.58952067161436	7.71853928341041	7.00304275164391	8.66674108682501	8.83980660023608	5.60386878179311	8.88580085871353	10.252041419913	7.55808580413638	8.1791697735872	7.77958119587589	8.05562791469442	5.59864551003357	6.48389284734519
CCR4	8.0571160420071	6.43415826639444	6.52175296606498	4.5705023175749	6.67187235539928	7.0386179778007	6.10041818630072	4.26787787440084	4.52730932067752	7.10114391097078	4.64998204135606	7.390759601291	7.5223645559219	7.79451183852009	6.75448301693989	7.42997787708773	5.37558196804949	6.93562813858379	5.63106698772595	6.35651354086896
CCR5	8.19332042560541	6.21484523798996	5.46647053056379	6.20277053307441	4.98381636171402	6.57788838782899	6.84149988893916	4.40538139815078	5.50458924417743	6.48703506459011	6.67234985438451	6.96982150057247	7.49877773560429	8.06102681308884	6.31297330629985	5.71669127939104	5.26595747687499	5.90588079518974	8.38238787486922	5.31142565134042
CCR7	13.1741032881533	13.6718278744726	12.8983598344598	12.6214392828001	12.3090801691646	12.6653512290793	10.3396416308634	12.3950984248889	12.5979334431078	12.1620559605587	12.6608597643631	11.3651390700854	12.9439063057683	12.1310022276103	11.8923590894436	13.1016004954103	10.5687767488147	10.6574248542788	12.1039157488167	11.7946016241501
CCS	10.0923915167546	9.65655068773088	10.2930190178547	9.53628660223699	9.76420423617135	10.0845838317529	9.6113801055781	9.14725690644079	9.15119081069097	9.89607957377432	9.84719873446611	9.30587070370449	9.66694012834734	9.07830480452068	10.8256528128194	9.63027652757356	8.87289834669164	10.4995831454751	9.27876524379507	9.23199118384602
CD14	10.1521213084343	8.46163900281654	9.00950235081903	7.21435850734963	8.14779209682514	8.20969575200981	9.45293460102151	8.96090012097945	4.57170344003597	9.52696124900287	10.0636099703802	5.77604975717579	9.75253432785007	9.65753093569269	7.97874785260911	8.9943300981336	10.1356730648205	8.86007710557661	9.26333520322546	6.9923572105923
CD163	8.80829549539301	7.90364354969565	8.53793289312041	5.77213617874455	7.74462869783459	6.50463940579835	8.09525648118494	8.49797839087255	5.28219682284098	8.27320465675709	8.87639423414484	4.26147658434603	8.99379811101264	8.56863043110376	7.30404018152984	7.81398848074595	8.14215127526059	7.6607682973532	9.00030079739167	5.88873457951814
CD19	13.3785083833298	10.6898526628817	12.2798509174885	14.3303905007967	13.4973246531071	13.5197059390286	13.4075864616427	12.9174933334643	12.911148589532	12.9639258923622	12.836405838895	13.2079651706001	12.8262440140331	12.511741214625	13.8293542807572	12.1122005066595	10.9211586402437	13.0418037980623	12.7395914445041	12.5686638135805
CD209	3.56882956069762	2.14875604753219	2.92590214920109	2.8335367234087	2.22892885955055	3.24160499996456	3.87802576496427	2.82041889742962	2.52730932067752	3.04225022191722	3.35042175949715	3.26147658434604	4.1609080968479	6.49334230379952	2.97312330341523	2.8753890254101	3.60299246415256	2.64284638935594	4.72417639211743	2.65607382272787
CD22	13.3050435554507	13.33006362496	11.5889750148777	13.8031630743652	12.6870791076081	12.3348905038425	12.7679859646229	13.0935787147573	13.0992989182821	12.6261687287865	12.3081935241079	12.8616549939598	12.2374268125229	14.0726582413795	13.8823601266361	11.0953641967408	11.0841191538892	13.5387245680302	12.1999098230838	12.9094486029139
CD244	7.50742901603347	6.25728050431036	5.53255972102156	4.24857422268754	5.13581945515907	7.42747154527589	7.31986332358683	5.78725203349442	3.11227182139867	7.32353633230723	6.71607123181383	4.54158450353877	7.63483928518032	6.59287797735044	6.0816477601934	7.51924521518482	7.42742089956911	6.81277139079825	4.94656881345388	5.11550544136517
CD247	8.16708888403223	6.43415826639444	5.85878795334255	4.15546481829606	6.13581945515907	8.33330483410137	6.73931949413268	6.63711168406656	4.7752368341211	7.30695344811163	8.15777668155475	6.60386878179311	7.66340843737709	6.89544074737087	6.86794106672317	7.40936759741245	5.97222627381828	7.42944275124675	6.85345940906239	6.06206618240371
CD27	12.9378209617194	11.4627727514335	11.7693949951817	13.7140130851691	12.96236794245	12.1526973315517	12.7370428068444	9.16511829997564	12.211838803096	12.5387711592897	11.3456453381441	12.1610493019058	11.2711738876225	12.1987278445454	12.9298624484743	11.7792708711463	10.3045877250394	11.8883990956116	11.4509622064012	7.84984556612455
CD274	6.0713299012268	5.7634658916474	5.78839862545115	2.24857422268754	4.22892885955055	5.89695682857711	5.43056678799305	5.38335509182078	6.05087127673453	4.91671933983336	5.58071937891894	5.2090091644519	5.48283619173527	6.97138960060417	5.06058614466557	6.37788936593928	4.87601095855898	4.90588079518974	8.15602217908283	3.24103632344903
CD276	2.72083265414267	2.47068414241955	6.85878795334255	4.05592914474514	3.03628378160815	5.20507912393944	3.97113516935575	8.41083582824289	7.07420378056515	2.45728772119606	5.26469188547127	5.72090820298333	4.5145450514626	7.11225213644402	1.97312330341523	4.19731712029746	3.92492055903993	2.32091829446858	8.63905977847948	7.65607382272787
CD28	8.39890455925531	7.25728050431036	6.59575354750876	4.05592914474514	5.5143310784128	7.99113926763382	7.51802962924339	5.11587478095579	5.22774903881861	7.83232715254298	5.2045708930337	8.29332545038537	8.30839570917046	8.20954933779893	7.10240632036019	7.84501537636658	5.79938967695607	7.77212940630091	7.40600043209117	7.02763268533983
CD300A	10.23179457342	9.81053414530417	9.87161199370013	10.7583492270145	7.98381636171402	9.48953251340814	10.005934131933	9.15052092376268	9.33466424273512	10.2342689942101	9.79972916086074	8.15108918852272	9.95532396319801	10.7918958903131	9.13299464019362	9.28760600562656	9.40604724877654	9.87933900773724	8.39660173408892	10.3509540155271
CD33	6.32964189681819	4.6723180035892	4.67592389619274	3.70800584132484	4.8138913602717	5.27722890969528	6.31098517224038	4.75330470157108	2.52730932067752	6.95978806172524	5.87880073185194	3.45412166228843	6.48283619173527	6.14541900037922	4.67356302155632	5.49987989031789	6.26595747687499	5.17889928959615	4.59864551003357	3.85770768389752
CD34	1.39890455925531	2.47068414241955	2.6363955320061	3.41849922412985	2.55085695443791	5.08960190651951	2.77849009141336	2.94594977951348	2.52730932067752	7.09149374093707	2.97191013624342	-0.545878337711569	3.31291119029295	7.30069722585713	2.55808580413638	3.8753890254101	4.66188615320613	4.32091829446858	8.31413957389695	1.91910822856166
CD38	9.32964189681819	6.96893500994737	11.1260205274437	5.41849922412985	11.1903785539487	9.85631484407977	8.57476151434195	10.4237080459574	11.282196822841	8.79713772408068	10.5211172255991	8.24853752863854	9.80316040092004	9.33703907292085	6.75448301693989	10.1607912442723	12.1932676137224	5.87550714614622	9.72229665889921	10.2876146900694
CD3D	10.9361229597939	9.27803906447715	8.06638337275092	6.45802758831649	7.41875341843057	9.76516695602157	9.1683518624658	6.61837512148498	7.74162844147828	9.438379258646	7.14183513768573	9.91047607739672	10.5579884656526	9.53773642315798	8.68048243549611	9.55955320383836	8.6762414461832	9.61323992727062	10.1462411582902	8.7625059005448
CD3E	9.37904413689446	7.73371854825334	6.69528922105967	5.53397644154979	6.251296672579	8.31628168625905	7.61499135913048	5.70083728167695	7.2484085093847	8.22987722509299	5.69437616071451	7.98939703890923	8.90087617917563	8.25584299007287	7.37400273969741	8.10420771590598	7.45265819106813	7.84448025052559	7.97210390556101	6.88104018772814
CD3G	9.04995625043423	7.41554258822709	6.03632613889474	3.8335367234087	5.75249081560756	7.83854014235179	7.44686860032215	5.26787787440084	5.28219682284098	7.76714298378285	4.93538426021831	7.43711523698274	8.56463028289891	8.17784047807159	6.67356302155632	7.81398848074595	7.12655442020958	7.93562813858379	7.70145631561735	7.06885534806635
CD4	8.25688555438288	6.37757473802807	6.19439098512699	5.20277053307441	5.95684931411375	6.89695682857711	8.13604209603144	5.90014608990036	4.69723432211983	7.09149374093707	7.10941365999336	6.72090820298333	7.56083870373654	7.46734709526658	6.33067530803331	7.05861084946587	6.63273980754662	6.79665172543498	8.39660173408892	5.26488306540339
CD40	11.5769468881201	12.1787333941218	10.3838426100406	11.6695870784668	11.0483096504151	10.912615241243	10.7151280304159	11.8872419726209	11.8732689170816	10.2462778758451	11.565488003588	12.0256373127662	11.0962368751065	11.4190027034279	12.0034455860593	9.6827439474677	9.74765070698445	11.2338076306985	12.6106350878211	11.4452813980752
CD40LG	7.73875456213993	6.03139909689403	4.95832362689346	3.94901394082863	4.68836047818785	6.04895992202216	6.14106017079806	3.06142699693342	3.98674093931481	7.16694596936653	2.97191013624342	6.4428063490606	6.56083870373654	7.00791547662928	5.85576635277707	6.37788936593928	4.60299246415256	6.90588079518974	4.30913889283858	4.58207324128409
CD44	12.3166495726985	12.5432187421425	11.455155217336	13.0208887966092	11.038696988261	11.686619845833	12.2411384227342	11.852840375122	12.0794980802347	12.5057745951884	11.7640496885213	13.2044099298801	12.6348392851803	11.417306412767	12.1461757611893	12.1534512349258	12.1288394903301	12.5593230337937	12.0934102017831	12.0682202192686
CD47	11.3303807931421	12.3258640892359	11.9968768676629	12.6637878214528	11.3888001963289	11.94792833324	12.3467176818463	11.811425311188	11.6137773141416	12.3699276072584	12.1869577069667	11.7261681866784	11.6171484153101	12.4868872816622	12.8542372640903	11.3334538082835	11.5596106234226	13.2349296230098	11.9226214335698	11.7907568274154
CD53	14.3301961045365	14.2627423313023	14.2373924669163	14.5603934788594	13.3258086958543	13.6886882261742	14.497695538343	13.0544742362916	13.9389527085466	13.7968593995808	13.3525876434663	13.409226642505	14.3084663723616	14.2043946584133	14.4990111015421	13.6840851161437	13.2820326505456	14.6215568484623	13.9356591504581	13.204414110404
CD6	8.0571160420071	8.1317496222265	7.42647246263187	7.04299008903765	7.88714034230234	8.04895992202216	6.29306326424312	8.71633837521714	8.47567655226219	8.43074593374357	7.4828720555208	9.13887028271006	7.35730530965141	7.98976812991902	6.58783314753043	8.57119729481954	6.33995805831877	7.49084329591089	8.73167092866435	8.21372897745329
CD68	10.9438689920445	9.02527299409719	10.1590860322584	8.996767072277	8.41380420245883	9.31628168625905	10.5738340343737	8.62777381948723	8.81732816761013	9.82652153086178	10.1725635726109	8.27430062470362	10.4977865332012	10.2596345692352	8.73467453585971	9.15151343068433	9.59545879146716	9.41895037742911	11.4481216954602	8.01362582734595
CD80	5.39890455925531	7.83525657471541	6.94220396153019	5.00346172485101	5.62124628232931	7.59210224704869	3.97113516935575	9.24973052769058	6.59339851113529	7.16694596936653	9.11962385859557	7.08347828236804	4.74587059756906	8.96211178701616	4.67356302155632	7.56655092996318	5.60299246415256	5.02135801260967	9.75392373551148	6.60093226853541
CD84	9.60102838308577	9.87497420686439	9.59317500340698	10.5534958922692	9.09929357913395	9.54172872453357	10.8422703535988	10.1899171064438	8.89581578218521	10.6602277798663	10.4597501700665	9.38189962437077	10.4575694331248	10.3441988644937	10.5915088056738	8.86785535272469	8.90677321232967	10.9337867917596	11.170570487652	9.08066004897897
CD86	7.36468884391739	6.84919576567328	7.16691024870488	6.0299339362122	7.251296672579	6.77765790020477	8.98515563967069	7.25580504210027	5.52730932067752	6.00160823741987	7.72679763840689	6.73024606756267	7.30386605068995	9.12893087759065	5.85576635277707	5.96285186666043	6.5258246036301	6.53037166009753	9.2864188163385	5.94885557195572
CD8A	9.3207454963298	7.74121308480027	6.24783024408845	4.49650173613112	5.65519361425265	8.05922825747599	8.4868350076398	6.45901936175285	10.7752368341211	8.26464264325366	6.12571547232246	8.21234487701516	9.28560384429722	7.73038150110037	6.22105081685881	7.6033094799733	8.37117678892949	7.0351638121347	9.16711988796616	8.15112935109589
CD8B	8.48636740050564	7.14875604753219	5.46647053056379	4.05592914474514	5.58648086416863	7.9585958943695	7.16095972823577	5.77037821493003	4.52730932067752	7.3801198606736	4.85943540698501	7.26790285350547	9.35292686914083	8.48040324809203	5.8311042985428	6.6827439474677	7.42742089956911	6.67847029908666	7.783070081171	6.98519741901944
CDC20	5.48636740050564	4.3186810489745	2.78839862545115	8.48697896201262	3.03628378160815	4.24160499996456	6.31098517224038	7.75759205997418	8.8848613252956	7.58657073814103	7.01630425560187	8.77604975717579	3.7983380174632	8.42745436814307	5.75448301693989	3.29042652468894	8.16777708293609	3.90588079518974	9.2864188163385	5.97800191761523
CDC25A	5.25688555438288	5.35820941316114	4.82402253518187	7.53397644154979	4.31639170080089	4.67456440724066	5.69905562391895	8.58257440005713	9.1837341839553	7.08177858610385	6.29383823113078	8.37596259936292	4.38330051818435	7.73038150110037	5.8311042985428	4.09778144674654	9.52978261719879	4.56884580791217	9.48128855939541	8.71135625822906
CDC25C	3.8583361778926	3.60818766616948	2.05143303128495	6.17931156025043	1.22892885955055	3.7270318271348	4.43056678799305	6.24363032815417	7.19264523786269	5.62721272263837	4.85943540698501	6.26147658434603	3.45041471404289	6.38642709988301	4.55808580413638	3.8753890254101	6.18795496487372	3.12827321652618	7.45209684668063	4.19212672296808
CDCA5	6.01361440337051	5.70334489920982	4.27382545262139	8.00346172485101	4.92936857769164	5.50463940579835	6.14106017079806	8.86083316587553	9.83451012981832	7.55882574765812	7.21983764968701	9.25986553444005	4.38330051818435	9.21736884225823	6.60247992349484	4.8753890254101	10.3183825237596	5.02135801260967	9.97841767949322	7.48389284734519
CDCA8	6.37618448275522	6.65655068773088	5.19439098512699	8.60172104818562	5.39885386099286	5.87387321546407	7.51802962924339	9.11253133788142	10.1720669131938	7.93302115216246	7.89315602482901	9.84858435689875	4.79833801746319	9.3513232989271	6.63133478616702	5.14840751981651	9.77958119587589	5.71323571724734	10.4280799655621	7.91534630976546
CDCP1	3.56882956069762	2.73371854825334	3.16691024870488	1.8335367234087	1.8138913602717	2.9196769050772	3.67157488749685	4.11587478095579	4.69723432211983	3.3317568391122	2.45733696341366	3.54158450353877	3.57594559612675	4.49334230379952	3.67356302155632	2.29042652468894	3.01802996343141	2.32091829446858	4.53153131417503	1.65607382272787
CDH1	3.72083265414267	3.47068414241955	2.27382545262139	2.24857422268754	3.55085695443791	3.9196769050772	3.29306326424312	5.53091228023464	5.33466424273512	7.42691407215254	3.45733696341366	5.49851578164688	4.38330051818435	6.27094988246308	3.29505139830259	3.8753890254101	4.10549280468175	4.12827321652618	6.22667673264661	2.14150064989811
CDH11	3.56882956069762	3.47068414241955	2.27382545262139	2.8335367234087	1.22892885955055	3.50463940579835	2.29306326424312	2.36098727879232	4.11227182139867	2.45728772119606	2.64998204135606	3.45412166228843	2.99098309540559	5.27094988246308	2.97312330341523	1.29042652468894	2.60299246415256	2.64284638935594	7.11649381489619	0.919108228561663
CDH5	2.98386705997646	2.95611096958979	2.27382545262139	1.8335367234087	2.22892885955055	3.08960190651951	1.55609767007691	1.36098727879232	1.84923741556488	0.872325220474904	3.10941365999336	2.45412166228843	2.7983380174632	6.27094988246308	2.78047822547283	3.6123546195763	3.47746158206871	2.32091829446858	6.88068087779742	0.919108228561663
CDK1	6.99881740144243	6.39668356097577	5.32445152569136	9.77213617874455	5.13581945515907	6.31199432785596	7.19030368981791	9.82553302912626	11.153018163742	9.3317568391122	8.66120929677931	10.7822355571221	5.23891060884918	10.8758119406219	7.91563780875447	4.09778144674654	10.1121076491033	5.40838113571892	11.8482977039466	8.80582094223255
CDK12	10.9640066376156	10.4774309748601	11.271004933559	11.050282581604	10.796884934966	11.0858399877233	10.6470922022975	11.5704406444213	11.0111250979418	11.0528560278194	10.6099839734241	11.108310135348	10.9334976007448	10.5868541897227	11.2573690532449	10.6902384840146	11.116720060105	10.6405904154156	10.3437850356455	10.5121880567053
CDK2	9.55625149461815	9.10004076249916	10.3111762949757	10.281997224225	9.21761354632271	9.47618295974912	10.1999538598516	11.9110125362581	11.4372024044476	9.95978806172524	9.9730368016977	10.894471781489	9.0161226576841	10.9003065025427	9.28146233355463	9.42228348529773	11.730986785129	8.88316071868965	10.9681437190478	9.28543044280748
CDK4	11.125974117279	10.8707096603336	10.3376057148068	11.4947209973234	10.9022379351122	10.9413509479356	10.8568315426951	12.8248947532052	12.1394867065585	10.6188395416134	10.766975718903	11.2330201382968	9.54748915007752	11.3388323547439	11.0946568207553	9.40677048592641	11.6537480837625	10.2412711498837	12.0853891321198	10.5084472723081
CDK6	6.70268530743241	5.57502080223428	4.51086464992224	4.05592914474514	4.55085695443791	7.28599911932301	6.52572402103339	4.68291537367969	4.05087127673453	9.39392566019863	5.14183513768573	5.91355328092573	7.17089218542053	6.77345022299226	5.52771215509286	5.6827439474677	9.64373880649587	6.12827321652618	6.89410139355974	5.67399573072513
CDK9	10.0318997563983	10.0676192848068	10.2387851044854	9.91213232690481	10.1282857824737	10.3626204009259	10.3042905196664	9.97201207609968	10.7858753545674	10.2495357508635	9.84227485582682	9.82044387653425	10.3616705022128	9.56250432830692	10.2352181487854	10.7610853987495	9.83980394540198	10.2412711498837	9.51642442178482	9.78535683967284
CDKN1A	8.25688555438288	11.2368817397204	11.3737367790949	9.53397644154979	8.56431921424447	6.64759735964039	8.73931949413268	10.128344132918	9.40995237003936	8.41921968036254	8.27203386081243	9.73721001531243	11.7370774791111	10.3334458081968	10.649080336357	8.48025108356896	9.83501358668679	10.2838142998058	9.26591836423946	6.63792647601761
CDKN2A	7.98386705997646	7.10295235791906	5.11032672033851	8.2372589094597	7.47685637299413	7.87967883714528	7.19030368981791	4.2189682739199	7.66686067307631	6.00160823741987	4.85943540698501	6.39663616762767	7.04626553090678	7.97138960060417	8.12287042291991	6.04531402685241	8.79610709296677	6.9647744842433	8.4338346402879	4.24103632344903
CEACAM1	9.46229964054382	9.23356443533655	9.4162972413229	9.10344260594777	8.8063576875863	9.77142594649325	9.06389231027561	9.76506441503356	8.43419991628603	12.849426227246	9.57330952677525	9.09436659851078	9.38972678734378	9.16172081270832	9.50645303572106	8.48518337911119	9.92040507791743	8.81277139079825	8.4746042460902	9.12693602214157
CEACAM3	6.73875456213993	5.6723180035892	6.68563905102595	5.5705023175749	5.13581945515907	6.59210224704869	5.75249488288041	5.33826720229224	3.69723432211983	9.58313165417426	5.97191013624342	4.66357502791738	6.01335090843405	7.04353938636	4.61697949318995	4.81398848074595	8.02365451262529	5.45020131141355	4.94656881345388	5.16703574200525
CENPA	5.0993442773964	4.47068414241955	2.27382545262139	6.72430765365394	3.03628378160815	3.62011662321829	4.67157488749684	6.82041889742962	8.03906197444489	6.3317568391122	5.79972916086074	8.32756577480381	3.69142281354668	7.8357345012466	5.01751742277368	1.29042652468894	7.91284772673935	3.78034991310588	8.24773834817444	5.21678877720235
CFLAR	10.9810465409141	10.2818982599328	10.3665825935412	10.3065659454467	9.2317438751576	10.2393490260242	10.5523357512807	10.8018564464032	9.86604570325143	11.0945163589312	10.6744291653967	10.4611489291824	10.8474086240311	10.0479311554772	10.1910810012793	9.95042241711892	10.364543696597	10.1250493156519	10.1064401502323	9.9331286988766
CHD2	11.2823115456437	11.0252729940972	11.5176794714786	10.517700901837	10.9568493141137	12.0034886123301	11.3042905196664	11.3819672176965	10.8328011127882	11.1113269782405	11.0058836796845	11.464300066309	11.7723428089303	10.515710116828	10.8380832185578	11.7827804698488	11.1074804445473	11.2830913255783	10.4071709757991	10.8119039942844
CHD8	9.62290623345341	9.77080786698856	10.0420097773983	9.75438577660713	9.93283243299521	9.93787708389042	9.53909124477122	9.7414483438813	10.1103920881804	9.59513275164445	9.60998397342414	11.0134987528151	9.96683106341237	9.76280297879275	9.47893485733482	9.67196947587352	9.24684865392729	9.63153107612811	9.65688327953008	9.76877395547723
CHEK1	7.89875044633851	8.99737898796153	9.90109875820051	9.89603264914246	7.38880019632894	7.98037283676475	9.32207435090218	11.1735657229277	10.6207268850655	9.18973783423977	9.680649177603	11.1549948174287	7.46671652637199	11.3637070233829	8.99826286569373	6.93428271446366	11.6341192770135	7.26343279980782	11.817373848939	9.9923572105923
CHEK2	7.83353278689203	8.18767503682449	6.95832362689346	6.69151771853627	6.8138913602717	7.66114389147834	7.90187250691864	8.48510859062151	9.18015429367949	7.44218082880585	8.27203386081243	8.87197417717433	7.00221035082884	9.20168722002596	7.55055213145098	6.19731712029746	8.61421971957582	8.19128301405198	8.89075795048537	8.20451044742391
CHMP2A	11.2899287494048	10.4718108078738	10.4998935321012	11.3207068268548	11.0657682192993	10.5859009078804	11.5844642237268	11.0347380182304	11.6197361364578	11.4105141525273	11.2391650083954	10.6377570437616	11.0161226576841	10.978309014544	11.1536541107597	10.5688759829094	10.7176024167187	11.1671922058185	11.5591740692442	11.231991183846
CHUK	9.33259521420754	9.11165205286945	9.17727696426314	9.35970989292225	8.96363847977639	9.35012945674273	8.78811879261113	9.39441028032977	9.89799672748473	9.43647471046064	9.2902269775784	9.39516926862901	9.43392659125432	9.54396837686949	9.41191515599349	9.35382160597745	9.74595041799461	9.07246235355768	8.90076512384075	9.27078366684308
CLOCK	6.77394399060223	7.64860193461539	7.45515521733595	7.41849922412985	7.04910782196574	7.57788838782899	6.97113516935575	7.58015579925449	7.54411760836407	7.61379220687605	7.12571547232246	7.43711523698274	7.72569271563143	7.20954933779893	7.70104375797843	7.44017364419362	7.78621428820833	7.06238528086973	7.34866725702522	7.47880397067239
CLSPN	5.95349341093294	5.93011576105685	6.9900324866208	8.46289334348831	4.47685637299413	6.25952690796182	7.63647108654093	9.44712350381963	10.1935333234807	8.18520817575926	7.69437616071451	9.28542890609048	5.07844593665593	9.24822980596299	7.10240632036019	4.19731712029746	10.7210683524178	5.32091829446858	9.60273826466745	7.54359909346946
CMKLR1	6.80829549539301	4.54107347031095	6.05143303128495	4.49650173613112	4.62124628232931	6.25952690796182	6.68538068702188	5.00484346856705	5.43419991628603	6.10114391097078	6.56884527863065	6.67329018275059	5.66340843737709	7.14541900037922	4.88001389902375	6.39895098146711	6.26595747687499	5.93562813858379	9.75392373551148	4.0345854459816
COL4A1	3.8583361778926	3.14875604753219	2.05143303128495	3.41849922412985	1.22892885955055	1.50463940579835	2.29306326424312	1.94594977951348	3.69723432211983	2.45728772119606	2.45733696341366	2.45412166228843	2.31291119029295	5.14541900037922	2.29505139830259	2.8753890254101	1.60299246415256	2.90588079518974	7.86713434595947	0.334145727840507
COL4A2	2.72083265414267	2.14875604753219	2.27382545262139	1.24857422268754	2.22892885955055	-0.0803230949228038	1.55609767007691	-0.639012721207676	2.52730932067752	-0.127674779525096	0.649982041356058	3.45412166228843	-0.00901690459440907	3.68598738174192	2.29505139830259	0.290426524688939	2.01802996343141	3.12827321652618	8.40130873676645	-0.665854272159493
COL6A1	4.30579515486382	2.95611096958979	2.92590214920109	3.41849922412985	3.22892885955055	3.82656750068571	3.55609767007691	3.94594977951348	6.01916241700719	3.77921581608342	3.97191013624342	7.18204211685163	4.38330051818435	5.27094988246308	3.67356302155632	3.8753890254101	3.01802996343141	3.78034991310588	9.12220746609058	5.46342874478547
COL6A2	4.92246651531232	3.60818766616948	6.05143303128495	1.8335367234087	2.55085695443791	5.96407102443565	5.32868717397384	6.08890773335552	7.08189817235515	4.51618141024963	4.50796303648363	7.47092994997499	6.36602252675252	5.49334230379952	3.97312330341523	6.48025108356896	4.47746158206871	3.64284638935594	7.73167092866435	6.55331424830267
COL6A3	4.39890455925531	3.95611096958979	2.46647053056379	4.77213617874455	2.22892885955055	2.9196769050772	3.14106017079806	3.26787787440084	5.84923741556488	3.67968014253251	3.23494454207721	5.49851578164688	3.89787369101411	5.14541900037922	3.14304830485754	2.6123546195763	2.60299246415256	3.32091829446858	7.60681944147927	3.0345854459816
COX5B	12.5967355572675	12.1522739596408	12.0825598441459	13.0940642736319	12.3601427646368	11.8076590381357	12.2953157159745	12.293940170987	12.8624204891024	12.2598040863173	12.2628505386471	12.1765022974522	12.0116158570633	12.4957555104523	12.3867512324394	11.8227824499778	12.2573301377956	12.3570919070221	12.4586037673965	12.491808455049
CPA3	6.1268250138185	4.60818766616948	3.16691024870488	3.5705023175749	4.68836047818785	5.47426575675483	3.55609767007691	3.53091228023464	3.61477216192785	7.78521455670487	4.97191013624342	4.94597475861811	6.41724785010769	5.68598738174192	4.43255492205252	6.31279433771739	5.94876730099429	5.53037166009753	3.72417639211743	2.33414572784051
CPT2	8.23810834735225	8.20403848303338	8.76109127945542	8.61489643693336	8.90135420152204	8.40751693890025	8.36773995053761	8.06142699693342	9.19086742489479	8.83522122581216	7.71607123181383	8.37893416589421	8.13564133823747	7.8357345012466	8.39938805811732	8.47033561470387	7.79938967695607	8.38700748492635	9.09341020178315	8.61027013311475
CREB1	10.033715609427	10.0956623219886	10.0438993585995	9.74442924957471	9.92241581704987	10.3311878930893	10.119611751534	10.1049801398525	9.66045153307812	10.0866443412757	9.88120322206724	10.1414973457259	10.2149847696037	9.93865281419217	10.005169030346	10.2226412766573	9.86977900484747	9.98269639224057	9.88572821253473	9.7519982427264
CREBBP	10.8241204625547	10.8465924054946	10.9005774591737	10.3623163887367	10.6924532328217	10.8861823569829	10.5409907776867	10.3195399942233	10.3984445049206	10.8995401056347	10.5040712212266	10.3390553102382	11.1105727161467	10.1164399334075	10.4294777185235	11.0411335109139	10.4124926580417	10.6097843686344	9.87222921308224	10.0458127014049
CRK	8.24439461019968	7.7560863612818	8.55922767148364	7.89962591386647	7.84363870366576	8.45105836559351	8.03722435981352	7.55574413321457	7.97025281652624	8.67645624165822	7.69983059080662	7.6684407830892	8.35730530965141	7.66326730524184	7.86186655231349	8.53835403813252	8.31723798181869	8.16640834541295	8.16158170442473	7.97077034838416
CSF1R	10.3747525272621	8.66050870129957	9.18585935150587	8.29296834204599	8.4236857139728	10.0502474678826	11.3159858532987	9.22207418478772	6.46982382601676	9.52517019347688	10.4239454097896	8.312102657416	9.83490414669463	10.0911288448783	8.83421020941062	8.74985814332624	8.70802793485085	9.31244014054428	10.8941013935597	7.48389284734519
CSF2RA	9.3207454963298	7.72618487556794	8.40016118551602	5.94901394082863	7.62124628232931	7.45105836559351	9.26805137623504	7.16834220084993	5.90234875202444	10.6756491395164	8.1968765012437	7.55215374524896	9.32637345009952	8.37248790892514	6.90386064097811	8.0717862382136	9.7829015541675	7.78852384455158	9.97210390556101	6.62876647673213
CSF2RB	7.11315007692143	7.32866513754712	5.39720786812668	5.10655521781511	6.18312516993742	6.29471633642412	6.44686860032215	6.25580504210027	5.28219682284098	7.15772743933715	6.36422755902218	5.92985509325483	6.18080765428561	7.49334230379952	5.9273196138021	6.09778144674654	7.92492055903993	6.74718304917068	7.573842119033	3.72646315061927
CSF3R	9.77828292632657	8.22021841008881	9.18071604822991	5.70800584132484	8.34786993227405	7.70103661860186	8.7126021557569	8.3666118279862	4.17116551045224	11.438379258646	9.09085120896693	5.2090091644519	9.53401491566083	8.44087488390539	7.10240632036019	8.57119729481954	10.3567663460053	8.14746678175949	6.32903845027629	6.40023491829828
CTLA4	6.04276074903003	4.60818766616948	3.85878795334255	3.70800584132484	3.68836047818785	6.1864634457721	4.67157488749684	3.26787787440084	4.22774903881861	5.70521523463965	3.89790955479964	7.16836717995455	6.95676738006768	6.77345022299226	5.61697949318995	6.0717862382136	5.26595747687499	5.07580579663205	6.82571441857949	5.11550544136517
CTNNA1	11.5979633829083	10.7205086910357	10.9707929788557	11.4616784423294	11.4998081548793	11.2832641516018	11.6943694702491	11.6032682290948	11.5220163159356	10.9180848818576	11.5451786139194	10.5593754419893	11.4406476338818	11.7800650674138	11.3627546426757	11.3592048026744	11.3172379818187	10.4757364035207	11.295296967685	11.0856897869296
CTNNB1	11.7498437408017	11.7171872406996	11.981431093894	12.2190396634675	12.2506029024089	12.133996025878	12.3134876794435	12.5027751204633	12.0017757848101	12.0768963647241	12.2028912478899	11.5094040977896	11.9789576197017	12.4062316400295	12.104980264024	12.2529610882002	12.194826441579	11.7844426677398	12.6278072252317	12.4069482623847
CTNND1	7.08540508643852	6.52379547887911	6.081180374679	6.35709867946571	6.45774755004643	6.99649250212803	7.31098517224038	8.36098727879232	5.61477216192785	7.10114391097078	6.66120929677931	5.73952388115068	7.90387243163555	7.38642709988301	6.58783314753043	6.84501537636658	6.74595041799461	7.55932303379366	7.90076512384075	5.37853984719896
CTSW	10.33848377357	8.16556433521874	8.05143303128495	5.89243041246226	7.03628378160815	9.92389737139539	9.72435191853471	6.68291537367969	7.60412491772835	9.51076113446538	8.56884527863065	6.77604975717579	9.2125702166704	8.59287797735044	8.889002682251	9.18221022790725	8.65465458397506	8.60632051333083	8.14483844059015	7.63335374622779
CXCL10	8.68430677811755	5.50630805215027	4.78839862545115	4.8335367234087	4.39885386099286	4.62011662321829	7.57846548310536	5.29172461635521	5.91962674345628	4.04225022191722	7.18136350187237	6.81167366690651	5.79833801746319	8.34419886449372	6.79330226583041	4.8753890254101	5.79938967695607	4.84448025052559	11.7875714734059	4.28834203822738
CXCL11	4.39890455925531	3.3186810489745	3.27382545262139	2.5705023175749	3.03628378160815	2.50463940579835	4.05859801060609	3.16834220084993	1.52730932067752	2.8723252204749	3.7374448826064	3.70204917573202	2.7983380174632	4.00791547662928	3.78047822547283	1.29042652468894	3.18795496487372	3.64284638935594	9.33150670586704	1.33414572784051
CXCL9	4.56882956069762	4.23621888878253	2.46647053056379	3.41849922412985	2.55085695443791	3.37910852371449	3.87802576496427	3.06142699693342	5.61477216192785	3.19425331536227	4.10941365999336	7.24853752863854	3.45041471404289	7.32984357151665	3.29505139830259	2.8753890254101	3.92492055903993	3.90588079518974	12.2470848056759	1.91910822856166
CXCR2	9.38474649625865	7.95611096958979	9.43945031663008	3.41849922412985	8.14779209682514	6.06942402458188	4.61499135913048	6.9232297030134	3.69723432211983	9.82069245205958	8.0119258150913	4.26147658434603	7.75253432785007	6.44087488390539	5.39938805811732	6.04531402685241	7.70453049061463	5.56884580791217	4.99719488652384	5.14150064989811
CXCR4	16.113525729844	15.5072698946818	15.0926073248968	14.182080472317	15.3511097608103	16.0357568354618	14.8771331970591	14.9316138585321	13.0276532899479	15.8694164712782	14.6613840312361	13.6845174381738	15.6259359128885	15.1577895883475	13.7106875481556	16.689954802632	15.2051500237057	15.1398499197024	14.6960791381629	13.9673680316413
CXCR6	6.1268250138185	3.60818766616948	4.05143303128495	3.70800584132484	3.03628378160815	5.5343867491924	4.92533147974263	4.00484346856705	5.36019933484226	6.10114391097078	4.35042175949715	7.40831797267531	4.57594559612675	7.51887739590666	4.36544072619399	5.04531402685241	3.01802996343141	4.02135801260967	8.40600043209117	4.28834203822738
CXXC5	10.8997464388122	11.5308396376742	11.3808556627192	11.311969303976	10.9703958459517	11.1526973315517	10.2896779790585	10.7354834244838	10.6514306325067	10.2397399717217	10.98871842393	9.83674568886335	11.3190969902392	10.5346103221713	10.9009012654976	11.8483688114764	10.4432458667308	11.267824568925	10.4199846615269	10.4762527851431
CYBB	12.9136186133938	13.2050550620825	12.7950052202206	12.4601583757671	12.5525466228421	12.3274757552992	12.6810805495883	11.7557179082239	12.0758904388426	13.9928061189647	12.916182953855	10.8666915090936	12.9764692945102	11.8646522327484	12.5901315310672	12.0153666431513	12.3413662527116	12.521816899507	13.5870719963503	11.5641661635461
CYFIP1	6.93806337036334	5.7634658916474	7.89273528526589	6.65796515882524	7.31639170080089	7.31199432785596	7.59318698881213	8.25580504210027	7.5552153172474	6.81483972581414	8.10941365999335	8.41122370385072	7.34853510002367	10.4868872816622	7.44885673438162	8.02513614491478	8.51787585051461	6.45020131141355	8.56127865756909	6.35651354086896
DCN	2.39890455925531	2.14875604753219	2.78839862545115	2.5705023175749	1.22892885955055	3.62011662321829	1.55609767007691	2.53091228023464	3.52730932067752	0.872325220474904	2.45733696341366	2.62404666373074	1.99098309540559	6.73038150110037	0.973123303415226	3.29042652468894	5.22748332906036	2.64284638935594	7.22667673264661	1.65607382272787
DICER1	10.4596004909429	10.5106998212674	11.1393378069976	9.6408916454663	10.8232534634754	11.0071397463275	10.6741735583422	10.7468496794338	10.2535274800097	11.1467033737213	10.5643671735115	10.4227884554836	10.7624725649062	10.1080521479147	10.4699770808033	10.9786768338221	10.4348274910375	10.797664498408	10.4475529215357	10.764598279506
DKC1	10.0748615921971	10.8448542184881	8.903182072701	10.1112115802463	9.64255678857472	9.0386179778007	9.41821839556541	9.56433528177209	9.85036408101916	9.08907107867021	9.55386388709224	9.73952388115068	8.80155473014674	10.5220377368	9.54677049090855	8.58044537162156	9.94284246703719	9.21270199768689	10.0992158234644	9.77189780016411
DLL3	4.48636740050564	7.26769712025569	3.46647053056379	6.77213617874455	5.39885386099286	4.16760441852078	3.87802576496427	6.83672070975872	6.87603747490859	3.3317568391122	5.29383823113078	2.91355328092573	4.89787369101411	6.89544074737087	7.33944551766104	2.6123546195763	5.92492055903993	3.78034991310588	6.02185694075811	8.06206618240371
DNA2	6.56882956069762	7.21484523798996	8.44661010820295	7.84848706487467	6.39885386099286	7.25952690796182	7.256537388218	8.71853928341041	8.87603747490859	7.59342440918209	7.96286499664041	8.79841757020425	7.18080765428561	9.16980315900618	7.039212493873	5.90513636880415	9.50184574069566	6.54973698496446	9.67059535191258	8.01010276078226
DNMT1	9.69122619205734	9.67623305359258	10.5970410933692	10.1733867262933	9.20906843718971	9.78541017592896	10.2166878756114	10.9336875052796	11.6097910485406	10.0067515406958	9.88360171811576	11.1024792442981	9.60016183354757	10.8229784938222	9.86945570732517	9.11379376473517	12.2525480491714	9.02482186791324	11.2253501164236	9.98967645099615
DOCK1	4.0993442773964	1.73371854825334	3.16691024870488	3.41849922412985	3.8138913602717	3.24160499996456	3.43056678799305	3.68291537367969	4.05087127673453	4.572764938616	4.29383823113078	3.84643908506719	4.23891060884918	5.38642709988301	2.55808580413638	3.6123546195763	4.54159191948842	2.64284638935594	5.94656881345388	3.0345854459816
DOCK2	11.7815285858302	11.1360200596047	12.1948162452748	12.1517028994999	11.2561437447104	12.1211882495773	12.0556114068096	11.7591965402592	12.000507704355	12.0593679348148	11.6233206621564	12.158889901651	11.9718367017853	11.442543704266	11.9614529526463	11.5970578864014	12.2877410845742	12.006981044364	11.7123876760828	12.0599379993347
DTL	6.58872911813532	7.23621888878253	5.081180374679	8.8335367234087	5.92936857769164	5.59210224704869	8.10041818630072	9.65330891159436	10.1603045178205	8.23864743472072	8.21222446557713	8.67086752048374	5.6056929395208	9.88565972657828	7.11267465581402	4.6827439474677	9.59545879146716	5.53037166009753	10.0890406021554	8.17649607125431
DUSP6	9.7185766802023	8.58338427516891	8.82402253518187	8.53397644154979	8.74856511239376	8.48191932929827	9.94698313736254	8.71633837521714	11.3354690935459	11.1863419243763	9.96626357310228	8.82262812379612	9.04083164485615	10.22514619285	9.58045361716484	8.60783913845381	11.125900877711	8.23380763069854	9.49236071689436	9.00480197695895
E2F1	7.23179457342005	7.79980773871111	7.97822318433117	9.06875318510273	7.01028857307521	6.7270318271348	8.96265701543145	11.1011896675602	11.2120579410991	8.07689636472411	9.38807430097655	10.25259346339	4.84896409053316	11.0868668180241	9.24224998256464	4.19731712029746	11.7556998266089	7.33214554989183	11.0264345068647	9.60794132705477
E2F2	4.72083265414267	7.34842839236855	8.11752222174272	5.89243041246226	4.22892885955055	4.37910852371449	5.77849009141336	7.55081183767234	7.40382626724251	6.13911176116981	5.69437616071451	6.60386878179311	3.7983380174632	7.14541900037922	4.36544072619399	5.04531402685241	8.48155433670259	4.56884580791217	7.67059535191258	5.74353666397821
EDN1	7.16708888403223	5.27803906447715	5.51086464992224	4.33603706393788	4.47685637299413	7.16760441852078	7.57104801154288	6.16834220084993	4.22774903881861	5.75496826983675	7.42476910095723	4.84643908506719	6.01335090843405	6.49334230379952	5.72801080557869	5.37788936593928	7.78621428820833	5.02135801260967	9.6957199460682	4.97800191761523
EGF	2.72083265414267	2.73371854825334	1.05143303128495	0.248574222687539	2.22892885955055	3.82656750068571	2.29306326424312	3.60891479223591	1.11227182139867	2.19425331536227	2.81990704279837	1.77604975717579	0.990983095405591	6.68598738174192	1.55808580413638	3.8753890254101	3.01802996343141	3.32091829446858	3.72417639211743	1.65607382272787
EGFR	5.52818757620027	5.54107347031095	4.75187274942604	5.33603706393788	5.22892885955055	5.37910852371449	4.77849009141336	5.29172461635521	4.7752368341211	5.08177858610385	4.81990704279837	4.91355328092573	5.38330051818435	7.54396837686949	5.14304830485754	5.71669127939104	5.14731298037637	5.87550714614622	6.06995122895916	4.50407072928282
EGLN3	6.15379206141877	3.3186810489745	6.13889587253528	5.29296834204599	6.75249081560756	6.00713974632754	8.18545429015652	5.46951173557049	3.69723432211983	6.28171615661261	7.50796303648363	4.40831797267531	5.63483928518032	5.68598738174192	5.49668525947224	6.51924521518482	4.54159191948842	4.64284638935594	6.5142533227432	5.54359909346946
EHHADH	3.98386705997646	4.14875604753219	3.27382545262139	2.8335367234087	6.15966619711343	5.41153000140687	4.92533147974263	5.2189682739199	6.40995237003936	5.22987722509299	5.10941365999336	6.03908416300959	4.57594559612675	6.49334230379952	3.29505139830259	5.41970954163391	6.66188615320613	5.93562813858379	4.83965360953736	2.33414572784051
EIF2AK3	8.16708888403223	8.56660856241808	8.47209507975767	7.33603706393788	8.89070695732254	8.67790011980392	8.09007624207926	8.57773313698763	8.6719675635094	8.36417831680458	8.34694956759034	9.23219879182379	8.90984633268019	8.8357345012466	8.06058614466557	8.95220462246093	10.9561392896506	8.07580579663205	8.12789857816844	9.31998766484385
EIF4EBP1	9.4995668982605	8.89694889712165	9.09764758626777	9.48219389944724	9.251296672579	8.87967883714528	9.40367706974401	8.66704896822067	10.3111260799977	9.45916500843673	8.72946682518287	9.62904734478911	9.72060383895863	10.069691674216	7.96747674027408	8.69130596097112	9.48970517782345	9.42682680303974	8.35838241185843	8.77085726997772
EIF4G1	8.57383024175598	9.02220016004756	8.94017628018321	8.9524777961322	9.01356370510807	8.19580131035143	9.02912689211493	8.2768666576281	9.16936101360549	8.39588717653192	8.50173108277212	8.5704656235259	8.1955542396548	8.56863043110376	8.69763715653518	8.13591657563331	8.86977900484747	9.06911114405804	9.12220746609058	8.71352409491177
ELOVL5	12.1629467765619	12.1141796133423	13.0078091885346	11.8586762856872	11.6158691048749	11.6539631371735	11.298687813437	11.9912544038191	12.4644992057587	12.3661806697157	11.5087401412915	12.7007138277303	12.1630980279387	12.8464891292976	12.3959764993595	12.1961895742917	10.9967404225378	12.6377654780711	11.6957199460682	12.4124633500566
EME1	4.0993442773964	4.90364354969565	6.11032672033851	6.69151771853627	3.22892885955055	5.67456440724066	6.92533147974263	7.24973052769058	9.31357894832598	6.42691407215254	6.86915056181822	8.26469329702958	4.07844593665593	8.00791547662928	6.039212493873	4.37788936593928	7.54941142394772	5.60632051333083	8.26333520322546	6.71785002031456
ENTPD1	11.6721173691096	5.93011576105685	9.73793355846816	10.874283065752	9.28692058230972	10.7969610386004	10.1793695276955	9.68853992287356	8.66686067307631	10.4572877211961	9.70119098227082	9.03908416300959	9.04897481816477	8.00791547662928	10.5655803406833	9.29324154029599	8.44429471813351	7.93562813858379	8.86713434595947	5.7935773464778
ENTPD2	1.98386705997646	1.73371854825334	0.46647053056379	2.24857422268754	0.228928859550548	2.24160499996456	0.971135169355753	2.53091228023464	0.527309320677515	2.19425331536227	2.64998204135606	1.03908416300959	1.99098309540559	4.27094988246308	2.55808580413638	2.6123546195763	2.33995805831877	1.32091829446858	1.72417639211743	0.919108228561663
EOMES	8.73429491394923	7.62448947849858	6.37336112617231	4.94901394082863	5.4383822251795	8.2004476752078	7.46298826568543	5.26787787440084	6.06646813178555	7.59342440918209	6.69437616071451	8.26790285350547	8.64561912393356	6.97138960060417	7.12287042291991	7.33482064404739	5.54159191948842	7.40838113571892	9.08465772777418	6.75199824272641
EP300	11.172043765975	11.1000407624992	11.11122812308	10.6987544698523	10.8306996479583	11.3082324090598	10.8453481041866	10.8796404344657	10.6915877589787	11.1243992632711	10.7473558103463	10.5242426067653	11.1407302149103	10.5346103221713	10.5878331475304	11.0089594007582	10.6690816546103	10.4782652298314	10.3376589328486	10.4537353485816
EPAS1	3.98386705997646	3.14875604753219	3.92590214920109	4.05592914474514	3.03628378160815	3.7270318271348	3.43056678799305	3.60891479223591	5.05087127673453	5.00160823741987	4.10941365999336	4.49851578164688	4.1609080968479	6.44087488390539	3.29505139830259	4.6827439474677	5.47746158206871	3.12827321652618	8.8534594090624	2.91910822856166
EPC1	11.0967409172177	11.0876005049984	11.6722637799609	10.5489267830158	10.9180532644638	11.5494888494594	10.7376640779546	10.7693170195597	10.4609999756297	10.8666786573338	10.9622977880462	10.1203456650916	11.491327064676	10.480403248092	10.7446127729158	11.716691279391	9.45682181600967	11.0213580126097	10.331506705867	10.5472499474824
EPCAM	4.39890455925531	6.48860605041681	8.27382545262139	3.5705023175749	4.13581945515907	2.50463940579835	1.55609767007691	10.4922011838786	8.76092899743722	6.51618141024963	5.79972916086074	5.5834046792334	2.57594559612675	4.27094988246308	2.97312330341523	3.09778144674654	4.7184696815725	2.32091829446858	4.59864551003357	7.94885557195571
ERBB2	5.15379206141877	4.05564664314071	5.71439804400737	5.05592914474514	5.13581945515907	5.50463940579835	6.72602267151922	6.33826720229224	6.19973466264901	4.39588717653192	5.43134175488072	5.79397166517306	4.45041471404289	4.27094988246308	6.86794106672317	4.46035152613125	4.97222627381828	5.53037166009753	5.69380274307391	5.69169773245859
ERBB3	3.20625948131291	3.14875604753219	3.78839862545115	2.8335367234087	1.8138913602717	3.62011662321829	3.29306326424312	4.11587478095579	5.11227182139867	1.8723252204749	3.23494454207721	3.26147658434604	2.31291119029295	6.73038150110037	3.14304830485754	4.29042652468894	3.92492055903993	2.64284638935594	4.04610448700479	2.33414572784051
ERN 1.00	8.03552917979895	7.04357381084013	7.51086464992224	6.67483897738964	7.4383822251795	8.454952281698	8.4428103837478	8.37779556647888	6.43419991628603	8.18973783423977	7.37108123006324	7.40831797267531	7.96826301890551	7.61672471930481	7.06058614466557	8.19129333266969	8.37117678892949	7.16640834541295	6.93362975774638	6.44267018461868
ERO1A	10.4730460220078	10.5958392737418	10.1085222234918	10.6611440694927	10.2019086456168	9.74939964016325	10.3815865208597	10.4317790882154	10.6114533312927	11.5662477085559	10.1686351970294	10.9140655106634	11.0202703223738	10.537736423158	10.600657187888	10.7508824209986	10.1524562836523	10.6850529494766	10.2186986752231	11.2068206081111
ESR1	4.30579515486382	3.60818766616948	4.46647053056379	5.80316307436518	5.39885386099286	5.85041424264008	4.21906268279934	5.64638949765457	4.28219682284098	5.572764938616	5.2045708930337	1.03908416300959	2.99098309540559	6.54396837686949	5.61697949318995	5.41970954163391	2.01802996343141	3.32091829446858	4.99719488652384	0.334145727840507
ESR2	9.1268250138185	10.7071767608009	5.39720786812668	9.39832134219222	9.12677431555606	9.17706474776985	11.0874791305932	9.77143863029632	9.93032134425251	10.0397433663066	8.37108123006324	10.441385674361	9.05707228586336	9.48040324809203	7.40775153105195	7.29042652468894	9.01520944436903	10.0021567062464	7.82571441857949	7.9377720728267
ESRP1	2.72083265414267	3.14875604753219	2.05143303128495	2.24857422268754	0.228928859550548	4.31199432785596	2.97113516935575	5.29172461635521	3.33466424273512	2.67968014253251	3.10941365999336	2.77604975717579	3.1609080968479	7.6401836921288	3.43255492205252	4.37788936593928	3.18795496487372	3.12827321652618	4.83965360953736	2.91910822856166
ESRP2	2.98386705997646	4.05564664314071	2.46647053056379	3.24857422268754	0.228928859550548	2.9196769050772	1.97113516935575	4.36098727879232	1.84923741556488	2.45728772119606	3.55687263696458	0.454121662288431	2.31291119029295	3.68598738174192	2.29505139830259	4.09778144674654	2.82538488548901	3.64284638935594	1.72417639211743	0.919108228561663
EXO1	5.48636740050564	6.27803906447715	5.44375045406371	8.1373174715858	3.92936857769164	5.20507912393944	7.21906268279934	9.03164352791076	10.0060789401533	7.15772743933715	6.93538426021831	8.31520856828383	3.45041471404289	9.12893087759065	6.64554864538672	4.93428271446366	9.74934899445647	5.17889928959615	9.58008305900714	6.54359909346946
EZH2	8.38189813394962	6.37757473802807	9.35369114603217	9.66853440053543	8.62124628232931	8.67790011980392	9.14356267800123	10.3659099573614	10.571703440036	9.03219655725329	8.99427794927187	10.2509724575556	7.95098502747367	10.3153440018215	8.85576635277707	6.90513636880415	11.6156170030176	6.74718304917068	10.8045498085814	10.2854304428075
FAM83A	4.30579515486382	4.14875604753219	2.6363955320061	3.05592914474514	3.55085695443791	3.50463940579835	2.77849009141336	2.68291537367969	2.84923741556488	2.8723252204749	3.35042175949715	2.62404666373074	3.69142281354668	7.1778404780716	3.43255492205252	3.8753890254101	3.82538488548901	3.32091829446858	4.59864551003357	2.7935773464778
FANCA	5.56882956069762	5.64060914386186	6.27382545262139	6.72430765365394	5.47685637299413	6.27722890969528	7.0045581708932	8.89236873930864	9.06840593602704	7.36417831680458	6.84965438619242	8.69967436854411	4.89787369101411	8.50616634415711	6.14304830485754	2.8753890254101	10.3612156788793	4.78034991310588	7.54009332767846	7.74777365686468
FANCD2	8.11315007692143	7.3385806064122	8.60089685078472	7.81842983101849	7.42860120438691	8.64077609378438	9.41821839556541	9.15540314514243	9.57443323279154	8.67322512039521	8.49233238476987	9.35347858521154	8.1955542396548	8.42745436814307	7.98435055883848	8.10420771590598	9.94876730099429	8.77212940630091	8.89410139355974	8.04495216153986
FANCI	7.98386705997646	6.94317191388229	8.69288272335258	9.37269553451673	7.22892885955055	7.45883571618523	8.83841390906541	10.3875107213121	11.0166555613966	9.12499065292515	9.02066944816328	11.229731943048	7.00221035082884	10.4240796413624	8.02297185286579	7.14840751981651	10.1753768987943	7.39773389151941	11.2405330458195	9.67176762983302
FAS	6.0993442773964	5.43415826639444	6.081180374679	4.6408916454663	3.39885386099286	5.98576609553497	5.80402518352049	4.852840375122	4.98674093931481	6.94914081752573	5.29383823113078	5.28701167645317	6.29476384358269	6.77345022299226	5.49668525947224	5.57582874355119	5.74595041799461	4.2278088900771	6.582157387245	4.69169773245859
FASLG	6.15379206141877	4.23621888878253	4.05143303128495	2.8335367234087	4.13581945515907	5.12913027070615	4.92533147974263	3.36098727879232	5.17116551045224	5.67968014253251	5.10941365999336	6.85500109857062	5.20043646103454	5.27094988246308	4.97312330341523	4.09778144674654	3.7184696815725	4.90588079518974	8.10499817605836	4.24103632344903
FBLIM1	3.20625948131291	2.95611096958979	3.27382545262139	2.8335367234087	3.03628378160815	2.9196769050772	2.29306326424312	2.36098727879232	4.57170344003597	2.8723252204749	3.10941365999336	2.03908416300959	2.57594559612675	4.49334230379952	3.14304830485754	3.99086624283003	3.47746158206871	3.32091829446858	4.04610448700479	5.19212672296808
FBLN2	8.93806337036334	9.03749929643045	9.5918840010471	8.35186203109956	7.97039584595169	9.27061608662363	10.3784029336005	8.85083523923162	10.4550872827599	8.45728772119606	9.64150388743175	9.63154120027767	9.6402392729229	8.49334230379952	9.25157276163571	8.34570896019013	2.33995805831877	8.10227800799324	10.0684723000332	10.2537539664438
FBN1	4.20625948131291	3.47068414241955	3.37336112617231	4.94901394082863	4.75249081560756	4.50463940579835	4.14106017079806	5.90014608990036	6.91962674345628	6.81483972581414	4.77926505830102	4.36101225789695	4.1609080968479	5.00791547662928	4.43255492205252	4.29042652468894	4.82538488548901	2.90588079518974	6.76857051147588	3.85770768389752
FCAR	8.43232756079276	6.93011576105685	7.60602188296258	4.41849922412985	6.251296672579	6.89695682857711	6.58584501347096	6.45901936175285	1.84923741556488	11.7561140237349	7.37108123006324	3.15456138042952	7.93935032699027	7.11225213644402	5.70104375797843	6.71669127939104	10.6455638479042	6.25165563203147	5.59864551003357	6.37853984719896
FCRL2	13.1900674478103	12.0846577297998	13.8967923974119	13.7108208569319	12.2848890940028	13.4594415596582	14.5959877288611	13.7130307045878	4.91962674345628	12.2975411237743	14.5653012590352	12.146301238601	13.199979453996	12.924392121067	13.2501200427123	11.1018012181989	12.545262589879	14.0010580122318	13.3814948416987	10.6056087557449
FEN1	8.97633338729105	9.06164538376215	8.53793289312041	9.77800477683369	8.37358710238243	8.38728245516019	8.23323001472593	10.064890852237	11.280108079113	9.24953575086346	9.05724980560079	10.3360003698889	8.37900038075073	10.7971230519766	9.0894672646527	8.35112245637649	10.5337298017155	8.33214554989183	11.2588035121374	9.3383661941587
FGF7	3.20625948131291	2.47068414241955	1.46647053056379	2.8335367234087	2.8138913602717	4.00713974632754	3.29306326424312	3.68291537367969	3.69723432211983	3.572764938616	3.10941365999336	3.45412166228843	3.1609080968479	6.07830480452068	3.29505139830259	3.46035152613125	3.47746158206871	2.64284638935594	5.89410139355974	1.91910822856166
FGFBP1	2.72083265414267	3.47068414241955	2.78839862545115	3.24857422268754	2.55085695443791	2.7270318271348	3.14106017079806	3.75330470157108	3.22774903881861	1.8723252204749	3.89790955479964	2.62404666373074	3.1609080968479	6.20954933779893	2.29505139830259	4.19731712029746	3.82538488548901	2.90588079518974	3.72417639211743	2.91910822856166
FGFR1	4.64683207269889	4.05564664314071	5.82402253518187	4.8335367234087	4.31639170080089	6.10950146395721	3.67157488749685	4.60891479223591	5.71713387955753	6.19425331536227	4.29383823113078	5.54158450353877	4.99098309540559	6.54396837686949	2.97312330341523	5.49987989031789	4.92492055903993	3.12827321652618	6.76857051147588	6.11550544136517
FGFR2	3.98386705997646	4.05564664314071	2.78839862545115	3.41849922412985	3.68836047818785	3.62011662321829	3.55609767007691	2.53091228023464	2.69723432211983	3.04225022191722	2.45733696341366	3.97768361834544	3.1609080968479	6.49334230379952	3.88001389902375	4.09778144674654	4.87601095855898	2.90588079518974	4.66277584745329	2.65607382272787
FGFR3	2.98386705997646	2.95611096958979	2.05143303128495	1.8335367234087	1.22892885955055	3.37910852371449	2.29306326424312	1.94594977951348	2.98674093931481	2.19425331536227	3.23494454207721	3.54158450353877	1.99098309540559	6.59287797735044	3.14304830485754	3.74985814332624	1.60299246415256	4.12827321652618	3.46114198628363	1.91910822856166
FLT1	4.64683207269889	3.73371854825334	4.9900324866208	1.8335367234087	4.13581945515907	5.44323886113421	4.49469712541277	4.00484346856705	5.14201916479272	3.95978806172524	4.81990704279837	4.62404666373074	2.7983380174632	7.07830480452068	2.78047822547283	3.74985814332624	6.06242408278986	2.64284638935594	7.97210390556101	3.91910822856166
FLT3	3.8583361778926	4.23621888878253	5.78839862545115	2.5705023175749	4.13581945515907	4.16760441852078	4.05859801060609	4.91557613046996	2.98674093931481	6.7911884577495	3.89790955479964	4.54158450353877	5.54557194708323	6.54396837686949	3.78047822547283	4.6827439474677	5.44429471813351	4.40838113571892	4.89410139355974	4.42160856909085
FLT4	2.72083265414267	2.47068414241955	2.27382545262139	2.8335367234087	2.22892885955055	2.50463940579835	2.29306326424312	0.94594977951348	2.33466424273512	3.77921581608342	1.97191013624342	2.91355328092573	2.31291119029295	6.14541900037922	1.97312330341523	2.6123546195763	2.33995805831877	2.64284638935594	4.46114198628363	3.65607382272787
FMOD	4.48636740050564	3.60818766616948	8.66122738498604	3.05592914474514	3.8138913602717	8.21429765396882	4.14106017079806	4.11587478095579	6.15666594075712	7.71781527141928	7.68340504289351	6.312102657416	3.1609080968479	7.61672471930481	2.97312330341523	4.6827439474677	4.41034738621017	2.32091829446858	6.72417639211743	0.919108228561663
FOLH1	2.98386705997646	2.47068414241955	2.05143303128495	2.24857422268754	1.8138913602717	3.82656750068571	1.55609767007691	3.16834220084993	2.52730932067752	2.45728772119606	1.23494454207721	2.03908416300959	1.57594559612675	6.81527039868689	-0.0268766965847735	3.46035152613125	2.33995805831877	2.90588079518974	4.13921389139627	1.33414572784051
FOS	12.456219437038	8.87326990065214	10.1433091370379	10.1614635589175	7.4383822251795	6.67456440724066	10.6541297530374	7.54586262170061	7.13463963442713	10.9637606067985	9.14583706824323	6.48754466382588	9.3286049973981	8.20954933779893	8.45693908067948	8.17306957405078	11.9874164847737	9.46302535177113	9.25295605744546	6.74353666397821
FOXA1	3.39890455925531	2.73371854825334	2.6363955320061	2.8335367234087	1.22892885955055	2.7270318271348	1.55609767007691	1.94594977951348	3.22774903881861	3.45728772119606	2.23494454207721	2.26147658434604	3.1609080968479	6.54396837686949	2.97312330341523	3.29042652468894	3.01802996343141	3.32091829446858	4.13921389139627	2.65607382272787
FOXM1	5.98386705997646	5.50630805215027	3.85878795334255	9.00346172485101	3.68836047818785	5.56353309485192	7.33745738360157	10.1225385112368	10.2586283517026	8.57968435255579	7.61576632601814	10.146737163983	5.03537721476404	9.89055852599112	6.91563780875447	4.19731712029746	10.3467048907594	5.2278088900771	10.0203278520714	8.1952326338359
FOXP1	13.1365744224328	14.5916995433809	13.3820698560082	12.2685123791123	12.2966993169984	13.5873428820543	13.0785157324017	12.5335710501015	12.153246420216	13.3526105414113	13.0565856730839	12.7041239301289	13.4236554796759	12.83953941345	13.4799267412109	14.1174714488042	12.8427898623855	13.6682628339001	12.6205087960274	11.8616227339009
FOXP3	5.98386705997646	4.47068414241955	3.55393337181413	2.8335367234087	4.75249081560756	4.9196769050772	4.21906268279934	3.68291537367969	3.61477216192785	3.572764938616	4.04229946413482	5.68294035278431	6.09950755218376	6.44087488390539	4.78047822547283	5.09778144674654	4.33995805831877	4.56884580791217	5.34866725702522	4.50407072928282
FPR1	10.3646888439174	9.20132409833634	9.95631849100309	7.31466341314531	8.07441891049492	8.8883436982724	8.86898062536126	9.40674694017501	4.17116551045224	11.7115290085718	10.4883981171534	5.62404666373074	9.50668293368963	9.42745436814307	8.09206437613873	8.07832908408037	11.0355343645408	7.73877080935448	8.22136293275014	7.37306471713281
FRMD6	2.39890455925531	0.148756047532187	1.78839862545115	1.8335367234087	0.228928859550548	4.16760441852078	1.55609767007691	4.00484346856705	4.33466424273512	4.26464264325366	1.97191013624342	2.62404666373074	3.57594559612675	6.73038150110037	1.97312330341523	2.6123546195763	2.01802996343141	2.64284638935594	5.53153131417503	1.91910822856166
FSTL1	5.8251693139574	4.84919576567328	5.19439098512699	4.5705023175749	4.22892885955055	7.43537674336124	4.43056678799305	6.38335509182078	8.63059712908954	5.70521523463965	5.67234985438451	5.73952388115068	5.57594559612675	7.04353938636	4.22105081685881	5.64797852930702	5.26595747687499	4.9647744842433	10.0977666068273	4.08903323000398
FZD1	7.24439461019968	4.73371854825334	7.13889587253528	6.27094203571599	5.68836047818785	7.25059378319181	6.256537388218	6.56065962362869	6.09716492900846	6.62721272263837	6.37790249591926	4.77604975717579	6.05707228586336	7.75207657219969	4.97312330341523	5.81398848074595	4.66188615320613	5.99334363644008	7.63106698772595	3.7935773464778
FZD4	3.8583361778926	2.47068414241955	3.55393337181413	2.8335367234087	0.228928859550548	4.31199432785596	2.29306326424312	3.06142699693342	2.52730932067752	2.45728772119606	2.81990704279837	1.77604975717579	3.69142281354668	5.93391489518551	2.78047822547283	2.6123546195763	1.60299246415256	2.32091829446858	5.56547864609837	3.14150064989811
FZD7	5.20625948131291	4.73371854825334	6.67592389619274	4.5705023175749	5.84363870366576	6.08960190651951	5.52572402103339	6.11587478095579	7.78469716337017	4.45728772119606	7.44439790770616	4.09797785206316	3.99098309540559	6.59287797735044	9.13803023009091	4.53835403813252	4.26595747687499	3.64284638935594	6.13921389139627	5.28834203822738
FZD8	4.39890455925531	2.95611096958979	5.11032672033851	3.94901394082863	3.03628378160815	4.31199432785596	3.43056678799305	4.36098727879232	3.61477216192785	4.51618141024963	3.97191013624342	5.49851578164688	4.38330051818435	6.73038150110037	3.29505139830259	4.8753890254101	3.92492055903993	3.12827321652618	5.13921389139627	3.91910822856166
GABARAP	13.7857101180239	12.2841446991112	12.634202271667	12.3317210935043	12.2275192892959	12.9642417878898	12.7322708191844	11.6518701012219	13.2356388392057	13.2893865672352	12.4090379805162	11.6541006699043	13.3574419220317	12.1967515496598	12.0365183847037	13.0068173141866	12.3548154396352	13.1701278950378	12.6928431853126	12.8354853459019
GABPA	10.1654334678542	10.1188619381444	9.67348485074132	9.70595510176007	10.3799453984428	10.39236774432	10.139807287488	10.0483629622298	10.1988503873894	9.75343918115	10.1988039498148	9.46674620115349	10.2065160951512	9.45417170651885	10.1801376235928	10.2077986041658	9.9531950130351	10.0471364538008	10.1136284812018	9.09569696028499
GALNT3	7.24439461019968	6.45253679570929	7.61621765006847	6.20277053307441	5.72078195588022	7.90267047977151	8.47892980955445	8.01919876154412	6.9281887569597	8.69887370776582	6.93538426021831	7.24853752863854	7.82387310957033	7.8357345012466	8.59150880567383	8.12331653885368	8.02365451262529	7.46046964686737	6.40600043209117	7.92660276510859
GLUD1	10.8283113007693	10.5833842751689	10.0976475862678	10.95851960292	10.6551936142526	10.0071397463275	9.91071438367045	9.72293105252757	10.5322319992466	10.4172896532641	10.6577101559883	10.3298710137085	10.3583978466524	10.8483787104988	10.9653535683811	10.5180424681032	10.6039314131222	9.99687532741033	9.70716996681174	10.6778866463127
GLUD2	11.0034577883343	10.6486019346154	9.86948255413879	11.051898141729	10.7632317420052	10.2739262870224	10.108126281436	9.80496682139358	10.5124396941444	10.4971206763351	10.8763942341448	10.5917532605239	10.5532255196267	11.0236092837344	11.1455508120607	10.7375097508986	10.6798080612034	10.1218181943889	10.0233844105047	10.8404533089408
GLUL	10.9913615965234	8.55389751066853	11.1905579923578	8.91745920695379	8.70466229051695	11.2821687111233	11.3580754146801	11.6342000886467	11.6061272706395	11.6707970215765	11.7750725806593	8.69729564576138	11.685340982627	11.2232057822805	11.7483220323132	11.6230225824782	11.1848207141496	10.9077580824304	12.4243270798978	12.0597250082601
GMPS	8.29372232256325	9.17942318377913	8.85663948676397	8.75239996068329	8.39885386099286	8.51213394234528	7.62218686053468	8.7097154330234	8.95566949338181	8.56929274670919	8.24617179750047	9.03532224421339	8.39612455854193	9.21736884225823	8.29505139830259	8.24462283507581	9.44848251509694	9.15696864952665	8.84657302347716	7.93033548398492
GNAI3	11.9716047857426	11.8707096603336	11.6326336132099	12.06755576212	10.931967248537	11.4890578645995	11.600947113738	10.552046493324	12.0864473763199	11.8265215308618	10.8224095500015	10.9634018303763	11.7349759564658	12.0033999955068	11.7450253841129	11.3327699044826	11.5629943962206	11.6269799838969	11.9445547198127	11.0105436148853
GNLY	12.6385030885044	10.3274208985387	9.64513538157026	8.66220215171171	8.88714034230234	12.3309230569176	11.8840245055857	8.39716089134581	6.79409586137242	10.3899946086087	10.6998305908066	7.90533277412076	10.4203898369196	10.4139078363051	11.1062655158158	11.4344473939558	10.9605444687706	10.8831607186897	7.98470394234065	8.95253123009911
GPNMB	3.39890455925531	3.3186810489745	3.37336112617231	7.87062604214392	3.22892885955055	4.24160499996456	3.87802576496427	3.06142699693342	8.77048330415047	4.12025273391849	3.45733696341366	9.45552985668124	3.69142281354668	6.54396837686949	4.22105081685881	3.46035152613125	3.82538488548901	4.02135801260967	13.0109266542315	1.91910822856166
GPT	3.72083265414267	2.95611096958979	2.46647053056379	3.5705023175749	3.03628378160815	2.9196769050772	2.97113516935575	2.53091228023464	1.52730932067752	4.8723252204749	2.23494454207721	1.03908416300959	2.31291119029295	4.85591238318423	3.14304830485754	3.46035152613125	3.01802996343141	3.32091829446858	2.72417639211743	3.7935773464778
GPX1	13.0202696535702	11.8513616496424	13.3293984123808	12.7036445299755	12.4044784101867	11.3908440388016	13.1033135502713	11.39199918623	13.0489097604012	11.9630992751157	12.6161269547017	12.7549031918574	12.5306266016436	13.0642822376538	12.9119677608814	12.1856230972523	11.6216563084176	11.9457137503288	12.6440328790291	12.7144715001042
GRAP2	7.44329867861376	5.6723180035892	5.97426517076249	4.33603706393788	4.68836047818785	7.23255986036155	7.71932801894521	4.26787787440084	3.43419991628603	6.26464264325366	4.45733696341366	5.45412166228843	6.84896409053316	6.54396837686949	9.12540814572181	6.09778144674654	7.27541780612406	6.9647744842433	5.99719488652384	4.94885557195572
GRB7	4.20625948131291	3.3186810489745	7.52175296606498	2.5705023175749	5.39885386099286	6.54903352515681	1.55609767007691	8.92513676877806	8.58530104343669	0.872325220474904	4.93538426021831	7.78503854040305	2.7983380174632	6.20954933779893	3.14304830485754	6.26770644818886	7.79938967695607	2.64284638935594	3.13921389139627	0.919108228561663
GREM1	4.20625948131291	3.84919576567328	2.6363955320061	3.05592914474514	3.03628378160815	3.24160499996456	3.43056678799305	3.53091228023464	3.84923741556488	2.8723252204749	3.23494454207721	4.312102657416	3.57594559612675	6.44087488390539	3.88001389902375	4.37788936593928	3.60299246415256	3.78034991310588	5.69380274307391	2.7935773464778
GRHL2	3.20625948131291	2.95611096958979	2.78839862545115	1.8335367234087	2.22892885955055	3.50463940579835	2.97113516935575	2.36098727879232	1.11227182139867	3.572764938616	2.97191013624342	2.03908416300959	2.7983380174632	6.07830480452068	3.43255492205252	2.29042652468894	3.01802996343141	3.90588079518974	3.83965360953736	0.919108228561663
GSK3B	10.266183298965	9.93502567518065	9.86307531174565	9.73641425651059	9.55085695443791	10.2838115600852	9.80876310252716	9.9894328189295	10.0616122031321	10.3581545291768	10.0422994641348	9.89187373461203	10.2460116652243	10.0033999955068	9.86338758043634	9.81202696441267	10.4937633943978	10.6383309082334	9.92057360492093	9.7739766118219
GSR	10.4115290981204	9.81409196471736	9.34298747712879	10.407183910902	9.97039584595169	9.66114389147834	10.035877934106	9.02809882086735	10.3370774493879	10.5412102047412	9.24617179750047	9.51481759397599	9.69142281354668	9.32984357151664	9.12794141246733	9.5095950451511	10.4453428075664	10.2967662624754	10.2529560574455	10.19445678276
GSTM4	8.61807307971747	7.86300156519831	8.35521377946205	8.7323899999518	7.83625917330016	7.08960190651951	8.43874071943875	6.2064773297367	8.6795941629841	7.90574822201235	7.55084884933681	8.52289994027384	8.64561912393356	8.99887033702628	8.96747674027409	9.10420771590598	7.79938967695607	9.45534461468951	7.99096293281233	7.63335374622779
GTSE1	6.0713299012268	6.65655068773088	4.78839862545115	8.89962591386647	5.13581945515907	6.02820136185537	7.40576339699248	9.43780287584316	10.6364870240328	8.40760059709571	7.80985337813445	10.1318413039294	4.57594559612675	10.1858332688251	7.21152804274031	5.04531402685241	9.91587541943692	5.17889928959615	10.4790638942809	8.01714031152219
GZMA	11.2506536006714	9.38477023943227	8.02105938224143	6.97649467725074	7.14779209682514	10.1424718079453	10.1259532784079	7.79143983045786	7.61477216192785	9.27959298471964	9.15579359527565	8.77830220890717	10.3252563807128	9.51887739590666	9.16047537661572	9.49499766893814	9.00102353812572	9.27220300943555	10.4280799655621	8.91534630976546
GZMB	5.30579515486382	2.95611096958979	3.16691024870488	2.8335367234087	3.22892885955055	5.16760441852078	5.67157488749684	3.44845012004266	4.81271153953976	4.95978806172524	5.50796303648363	5.23548137581309	5.57594559612675	4.85591238318423	4.9273196138021	4.99086624283003	4.97222627381828	4.56884580791217	6.54860482753397	4.24103632344903
GZMH	10.4649937497131	8.19315016689064	6.39720786812668	5.33603706393788	4.98381636171402	9.1436785792753	9.67849430143664	6.86878191899102	6.64625039340102	7.63387645291938	7.37790249591926	6.83782595476248	9.72399841709155	8.02583738462654	7.13299464019362	8.75803207477194	9.14731298037638	7.45020131141355	7.87392351162211	6.02064625502373
GZMK	9.98574434721713	8.57502080223428	7.55922767148364	5.53397644154979	6.11157190891239	9.1364227632725	9.2285230120484	6.3151835891792	6.96193754831424	8.71467556388871	7.35734117343694	9.20231451187789	9.71208228411278	9.17784047807159	8.43664767668641	8.56188955259331	6.7184696815725	8.80069855849768	10.531531314175	8.55089158603581
HAVCR2	7.61807307971747	5.93011576105685	8.3582542337821	6.29296834204599	6.39885386099286	7.38728245516019	7.27491591753286	6.32677156345441	7.92391410185937	6.5305367032267	7.3846916615819	8.39956549866634	7.65631901259077	8.50616634415711	6.52771215509286	8.2791112114611	6.33995805831877	6.38700748492635	9.65885014423949	6.46342874478547
HCK	10.1868071186467	8.24678813049271	9.72267921909118	11.1034426059478	8.06813264764749	9.27282373057528	10.6784943014366	10.5440022796751	6.70721841069245	10.4610398560572	10.7420784563468	8.76473444394796	9.94226781037256	10.5439683768695	11.6375705879632	8.57582874355119	10.7391291521386	10.7228644184451	9.75943371690376	9.2152596885156
HDAC1	11.0932624464768	10.516170798779	10.3468193387198	10.8605211645075	10.4980555387	10.3194888644029	10.5821599666631	10.4909142123027	11.0722737534668	10.3163047630762	10.7420784563468	10.552153745249	10.3918625316878	9.9851954001292	10.7780609754671	10.24897924012	10.4390428192106	10.4983378324578	11.1985583522207	11.0030307121068
HDC	4.98386705997646	2.95611096958979	0.46647053056379	0.248574222687539	4.13581945515907	6.51958974726432	1.55609767007691	3.53091228023464	1.84923741556488	6.39588717653192	4.35042175949715	3.77604975717579	6.49877773560429	6.81527039868689	3.78047822547283	6.8753890254101	5.97222627381828	6.32091829446858	4.38714140483986	1.33414572784051
HGF	6.01361440337051	5.14875604753219	4.89273528526589	3.24857422268754	4.75249081560756	6.06942402458188	6.44686860032215	5.16834220084993	2.69723432211983	8.41148403158294	5.87880073185194	2.62404666373074	6.63483928518032	6.68598738174192	4.67356302155632	5.49987989031789	8.43165789245558	5.36531241382703	6.02185694075811	4.0345854459816
HIF1A	12.2002087453043	11.5565548977542	11.6104913998307	12.0466409430506	12.1042942601923	12.1184288702709	12.3336269754018	12.134126485512	12.1337145333753	12.3281661296013	11.5184187972142	12.3462849721504	11.7719328941553	12.0325011149076	11.5074261858699	11.3100172530468	13.1327483526198	11.4274812349135	12.2352701305772	12.0217401174166
HJURP	4.72083265414267	4.6723180035892	2.46647053056379	7.75636886288624	3.39885386099286	5.00713974632754	6.29306326424312	8.88454923484934	9.43269632569565	8.14378824837928	7.03368633383011	10.05217416245	3.99098309540559	9.30069722585713	6.0816477601934	2.8753890254101	9.39306939477833	3.32091829446858	9.68417832418551	7.31713930253482
HK2	8.11315007692143	8.48414640222611	6.95028630782805	8.86695972494615	8.75249081560756	7.23255986036155	7.66462212685508	8.25277098201063	7.37905836209357	8.83810950513699	7.88838678068114	7.43140158578835	7.40883561029149	7.93391489518551	7.72131615300469	6.44017364419362	8.41890939971359	7.6518351725832	8.11649381489619	8.78947294814507
HLA-A	15.0746962371711	14.7973945007665	13.8855089847198	15.0254698468447	14.6133753658917	14.3923042887091	15.0102255713544	14.4724897721716	13.7979696553845	14.4647238573122	14.7492887534346	14.3945729146075	14.7585468616924	14.5992508123707	14.9767290535123	15.2872089275229	13.485508151339	15.0618058112163	13.8942057514057	13.2703235504173
HLA-B	16.600243597084	16.5578817579975	15.1173539872325	16.5162204740375	16.3640970335498	15.9070297503163	16.5659554395721	16.3737427436235	15.5602375154917	15.9074679683608	16.312177525227	16.0878264490661	16.3560752157521	16.4121523119694	16.4297825262438	16.5702184467979	15.7808531734488	16.0628855446976	15.1674221451328	15.3539318947809
HLA-C	13.4342191690797	13.5464306804805	12.2186420757262	13.3500575342528	12.6726494602071	12.7819268059287	13.5364752965642	12.4240452424158	10.86493122267	13.6536849339996	12.7799089748665	12.6315412002777	13.963065403968	13.0593963419706	13.0321296986163	13.9943300981336	13.0127369586895	12.4502013114135	12.2359290458848	12.4311902271635
HLA-DQA1	14.6568079789942	14.292139261522	12.3816029795144	1.24857422268754	2.22892885955055	-0.0803230949228038	13.8414998889392	-0.639012721207676	13.0552749618115	13.3413310129098	14.11452779169	13.606327268289	12.6636294215302	12.5845887691459	14.275548034486	0.290426524688939	11.2612039469044	4.49084329591089	11.7713003042315	12.2948717226796
HLA-DRB1	15.1383687538412	14.6406091438619	13.7937424673689	14.2582279149216	13.7267806965017	13.5009951955684	15.0834524915054	12.6233758025433	14.0234765313758	13.3872857838051	13.8717956987037	12.8280743176586	14.1725236223278	13.8739579737261	15.1121949567104	13.9288624386794	12.7014632562668	13.6249843575959	13.6072014605576	13.4597206368112
HLA-E	14.2450805113425	13.8701757045775	13.5990505861877	13.6809856273911	13.6848981623086	13.6268203070581	14.0789243700027	12.9952311203698	12.937628162878	13.9401796898628	13.4795065904344	13.5362707036423	14.4190815072381	13.6870436563767	14.2364658692455	14.9644532354041	12.5228489510642	14.369149711171	12.426349077483	12.347119376215
HMGA1	11.5390952624471	9.85783986008253	9.40163558016748	11.5299247376686	9.39132018830745	9.49710573311294	8.59684401242022	9.9921643344963	10.6675000238694	9.66674108682501	9.98089891947068	10.1176797665057	9.09689160397675	11.0868668180241	10.6761616924016	7.76615995565534	12.1591791618689	9.67406511996666	12.0995779002741	9.59858832806711
HMOX1	9.54356280208719	6.3186810489745	9.26251013939356	9.14944103066829	5.72078195588022	7.85631484407977	10.3341747996123	8.309354510377	6.37279937162189	8.37217110755811	8.50485042461629	9.54951868508099	9.55513258539132	8.54396837686949	9.74955633585996	8.23879375627362	6.82538488548901	9.0144052519679	9.48350979931209	6.59153357053316
HRAS	8.47036692181193	8.27803906447715	8.64637962057872	8.8297748046125	8.67187235539928	8.25952690796182	8.73268640180023	8.38335509182078	8.91317172131898	7.76714298378285	8.24989488354318	7.80284981651951	8.32637345009952	8.85591238318423	9.52194521187398	8.5095950451511	9.16013702073396	8.29246184841935	8.63106698772595	9.34117299473448
HSD11B1	2.72083265414267	2.47068414241955	2.78839862545115	1.8335367234087	2.22892885955055	2.50463940579835	1.97113516935575	0.360987278792324	2.98674093931481	1.8723252204749	2.23494454207721	3.84643908506719	1.57594559612675	2.68598738174192	2.29505139830259	2.8753890254101	2.33995805831877	1.32091829446858	6.56547864609837	1.91910822856166
HSPB1	11.1512852058082	11.416713131935	11.9073396981747	9.65158624626254	11.3097463871589	11.1400552327724	10.3847630983799	11.4802526619681	11.8735460120678	10.2549492470498	11.1363142941247	11.5165051541648	11.220402783636	11.3262323179643	11.8818911862644	11.3891166213625	13.3455826075126	10.6166872288891	11.3704350721075	11.1443156655052
HUWE1	9.91460439753935	9.5194434543394	9.93916136980657	10.2956981348016	10.1176721084488	9.96407102443565	9.88701454819153	10.214296834196	9.9472694985254	9.77921581608342	9.69164119299327	9.74067942389639	9.7853989617557	9.82553873414071	9.56744790734007	9.46035152613125	10.1929556459321	9.25755623347115	9.55706640628217	9.85770768389752
ICAM1	8.99136159652338	6.94317191388229	7.10309515110744	7.24857422268754	7.39885386099286	7.4195227921604	8.05328421070962	8.74900456413746	9.37123037196655	6.83810950513699	7.97641152847836	8.63154120027767	7.73917594499505	8.42745436814307	6.88001389902375	7.23294103002818	9.28715664258083	6.04883874903178	11.384766597652	8.29704173317777
ICOS	6.23179457342005	5.3186810489745	4.27382545262139	2.8335367234087	3.22892885955055	5.82656750068571	4.55609767007691	3.75330470157108	4.52730932067752	5.3317568391122	4.10941365999336	6.49851578164688	6.25776963610049	6.20954933779893	5.25852552227748	6.0717862382136	4.92492055903993	5.64284638935594	6.49676589601436	4.72646315061927
IDH1	8.82935711092084	7.77080786698856	9.62128863961589	9.37269553451673	9.251296672579	8.9585958943695	9.78491636057279	9.24363032815416	9.42061085153808	9.20994712246741	9.05937297749376	9.37744914770762	8.42561132304232	9.23288184162956	8.95326288105438	8.93067146091128	8.36675811766249	8.57830613716123	9.30160522015318	8.95253123009911
IDH2	12.0436621517716	10.4919417629801	12.1772769642631	11.6997853345199	11.5044714156373	10.946200347597	11.5532771510145	11.8962626554131	11.9446344383574	10.8337749148731	11.6854684926482	11.4083179726753	10.2185990388198	11.924392121067	11.3697280845971	9.89405286967513	11.2982207556483	10.7915771685291	13.19872735533	12.0969429903387
IDO1	5.60835792488426	2.47068414241955	3.16691024870488	3.05592914474514	2.22892885955055	4.31199432785596	3.14106017079806	3.60891479223591	3.11227182139867	3.77921581608342	4.35042175949715	6.23548137581309	4.57594559612675	7.14541900037922	2.78047822547283	3.6123546195763	7.73912915213859	4.02135801260967	8.26849690834124	2.14150064989811
IDO2	1.98386705997646	1.73371854825334	2.46647053056379	2.24857422268754	0.228928859550548	3.7270318271348	2.29306326424312	1.94594977951348	2.11227182139867	3.04225022191722	1.64998204135606	3.15456138042952	2.31291119029295	5.85591238318423	3.43255492205252	2.6123546195763	3.01802996343141	1.32091829446858	3.13921389139627	1.65607382272787
IFNA1	3.56882956069762	3.60818766616948	1.78839862545115	2.8335367234087	1.22892885955055	4.44323886113421	-0.0288648306442472	3.16834220084993	2.69723432211983	2.19425331536227	1.97191013624342	-0.545878337711569	3.1609080968479	5.93391489518551	2.55808580413638	3.46035152613125	3.60299246415256	1.90588079518974	4.22667673264661	1.65607382272787
IFNAR1	11.1562945686219	11.4740615026219	11.4967928132078	10.4592455664732	11.0626096082053	10.6192493583645	10.5532771510145	10.7693170195597	10.6827600519897	10.8089631594775	10.8391888759531	10.5053306032032	11.1733774488101	9.65177166640401	10.8618665523135	11.1374838707803	10.5964026547922	11.0522373254936	10.495665861618	10.6327811345747
IFNAR2	11.1529569267842	10.6565506877309	11.3838426100406	11.7444292495747	11.1245041419312	10.8854611897393	11.753314363187	10.606539985048	10.8288055156601	11.4143897627583	10.5048504246163	10.8297041747789	11.0360601473405	10.4105012348619	11.5353657276363	10.9225129375241	11.1954495014206	11.6343682354316	11.1236323501974	11.4269028687604
IFNG	6.60835792488426	4.14875604753219	3.05143303128495	2.8335367234087	2.55085695443791	5.20507912393944	6.62934665210755	2.94594977951348	6.01916241700719	4.39588717653192	3.23494454207721	7.24853752863854	7.22938783473067	4.85591238318423	3.14304830485754	4.6827439474677	8.0733123989326	4.2278088900771	7.82571441857949	3.50407072928282
IFNGR2	12.252214114659	12.3057871219105	11.986106783407	12.4213142397369	12.2119224342449	11.9172092526036	11.9931561390021	12.3359395523264	11.9110136131516	12.1314799893417	12.3956563653582	11.4162946933981	12.2188998196071	11.8101086935711	12.9495084213038	12.2949981398566	11.7361346765532	12.4757364035207	12.2746025429753	11.7625059005448
IGF1R	9.66803123840472	8.60408326783675	8.48883834359224	4.94901394082863	5.273322978909	9.87532681260557	7.6506152688612	8.63943673701281	8.63321782924867	10.6748415855961	9.45733696341366	5.23548137581309	9.39186253168777	9.71941038327937	7.8311042985428	9.37257556604281	9.37338105985622	7.34328610749703	8.34378503564548	8.64475850950004
IGFBP3	5.25688555438288	3.73371854825334	3.46647053056379	2.5705023175749	3.03628378160815	4.82656750068571	4.82911616448332	3.53091228023464	5.65659233762248	4.8723252204749	3.45733696341366	6.43140158578835	4.89787369101411	6.44087488390539	4.22105081685881	5.33482064404739	3.92492055903993	4.78034991310588	10.8239625118179	2.7935773464778
IKBKG	8.37044811320608	8.62448947849859	7.65134587347207	7.2372589094597	7.36848021194934	8.11443375949944	8.0045581708932	7.37779556647888	7.24155483834364	7.77319202845565	7.61576632601814	8.05774800727462	7.84896409053316	8.53147743268629	7.93312523548331	7.45029786146733	7.87601095855898	8.24573079807436	7.45209684668063	7.69169773245859
IL10	4.30579515486382	3.60818766616948	3.16691024870488	4.05592914474514	3.68836047818785	3.7270318271348	2.77849009141336	3.36098727879232	8.91962674345628	3.77921581608342	2.64998204135606	5.15456138042952	3.69142281354668	4.85591238318423	3.43255492205252	2.8753890254101	3.01802996343141	3.64284638935594	7.17263689293372	2.33414572784051
IL10RA	11.8241204625547	12.5450932417633	12.4233911352849	11.6132560785521	10.4933714597771	12.6733115239306	12.574065960271	12.346651357811	11.5730689820602	12.4283522131996	12.1922884639386	12.7036795910131	12.908541653916	11.5808051450499	13.2356586439415	13.7475508562297	11.2789494970943	13.0340899787834	12.024147539346	12.1132494674248
IL11	4.39890455925531	4.39668356097577	2.92590214920109	3.5705023175749	2.22892885955055	4.9196769050772	4.14106017079806	4.26787787440084	3.11227182139867	3.77921581608342	3.23494454207721	4.62404666373074	4.63483928518032	7.44087488390539	3.43255492205252	4.6827439474677	4.66188615320613	3.78034991310588	4.66277584745329	3.72646315061927
IL12B	4.64683207269889	4.05564664314071	2.92590214920109	3.8335367234087	3.39885386099286	3.08960190651951	3.67157488749685	2.82041889742962	3.11227182139867	3.8723252204749	2.64998204135606	3.77604975717579	2.57594559612675	4.49334230379952	3.78047822547283	4.53835403813252	3.60299246415256	3.64284638935594	3.94656881345388	3.14150064989811
IL12RB1	7.34141906459454	5.43415826639444	6.45515521733595	6.27094203571599	5.5143310784128	6.2234576532543	6.31098517224038	5.5898059692882	5.91962674345628	5.70521523463965	5.97191013624342	5.68294035278431	6.05707228586336	6.27094988246308	6.23990984411013	5.74985814332624	6.18795496487372	6.42944275124675	6.18360801075473	4.0345854459816
IL15	6.30579515486382	8.64461107441936	5.13889587253528	7.22585414618746	4.47685637299413	6.87387321546407	6.60049178943536	8.3666118279862	6.4930936053396	5.77921581608342	7.18914085246409	5.09797785206316	8.09427090381761	6.89544074737087	8.62417499459415	5.78227962101861	6.16777708293609	5.64284638935594	6.79742537414807	4.14150064989811
IL15RA	6.48636740050564	6.25728050431036	7.23465485534072	7.55235497086464	5.68836047818785	6.45883571618523	6.95981985612792	7.53091228023464	6.94516183556341	6.64050954525183	7.5326250907179	7.47648947531689	6.53014190651362	7.20954933779893	8.04993890046606	6.29042652468894	6.55718877453944	6.47066541397326	8.11649381489619	5.06206618240371
IL21R	5.8583361778926	6.83525657471541	2.92590214920109	4.5705023175749	6.90135420152204	6.86219141041644	6.43056678799305	5.57044064442127	5.19973466264901	6.08177858610385	6.15777668155475	7.26147658434603	5.54557194708323	5.77345022299226	4.97312330341523	5.78227962101861	4.01802996343141	5.40838113571892	7.22667673264661	3.33414572784051
IL22RA2	3.98386705997646	3.73371854825334	2.05143303128495	2.8335367234087	3.22892885955055	4.37910852371449	3.77849009141336	3.44845012004266	2.98674093931481	2.45728772119606	2.97191013624342	6.05403450447556	3.69142281354668	7.00791547662928	2.97312330341523	4.09778144674654	3.82538488548901	2.90588079518974	6.22667673264661	3.0345854459816
IL27RA	9.72757948658325	10.3136629742079	10.4257480362843	9.74442924957471	9.94145585999037	9.39541033604359	10.2726313643383	9.36801454568629	10.6713301899444	9.02967215583775	9.60272328854255	9.92478053634898	10.1060267455673	10.0213777364358	9.87399011139597	8.95220462246093	8.44848251509694	10.0230909798341	9.65885014423949	10.0543899861281
IL2RA	6.23179457342005	4.54107347031095	7.39720786812668	5.10655521781511	6.56877886243517	9.40952486551649	9.60413036649871	4.26787787440084	6.63583377745568	7.95978806172524	6.98983204424068	9.33217257501697	9.50471069135803	7.20954933779893	6.80601331757997	9.120149259775	10.0390099023356	9.23978153174317	8.83965360953736	8.13180725369427
IL2RB	9.80617232350004	8.39193003100514	7.31821957197985	7.16743745996213	6.94317437721667	9.10950146395721	9.44889343579964	6.61837512148498	6.29549364545444	8.92217376992547	8.60417835174293	8.06145197603804	9.30613265766189	8.50616634415711	9.14555081206071	8.51924521518482	7.55718877453944	8.33772658215513	8.04610448700479	7.64248475797991
IL2RG	12.9779847430901	12.7444797416338	12.0476711124887	12.327058640099	12.6260686657862	12.2642502276734	11.7524948828804	12.3001991614587	12.5757961946699	11.7028404274517	12.4346168869136	12.0282420972982	13.0570722858634	12.8571641793937	12.0034455860593	11.9005285876886	11.2976405444839	11.8272258755689	12.5440893464115	12.69800670457
IL3RA	5.20625948131291	4.23621888878253	5.13889587253528	4.24857422268754	5.87278504932527	5.85041424264008	7.09007624207926	4.71853928341041	7.25522977524071	6.12025273391849	3.81990704279837	5.06883150640364	5.63483928518032	5.49334230379952	5.70104375797843	6.24462283507581	6.55718877453944	4.78034991310588	6.85345940906239	4.50407072928282
IL4R	8.9263815653157	9.36307516833295	8.42647246263187	7.15546481829606	9.31639170080089	10.8563148440798	9.07442297776777	9.1357743383935	9.25182317379747	9.68289685521605	9.05299406493105	10.0315504903242	10.0543781766941	9.04353938636	7.84348802299863	9.94685138796672	8.99816954107057	8.62925732460799	8.11075744534704	8.3256675739162
IL6	6.73875456213993	7.93011576105685	2.78839862545115	3.70800584132484	3.55085695443791	4.56353309485192	3.43056678799305	8.50819220373455	5.30866903420218	2.45728772119606	8.32240738332755	5.00871051396607	5.34853510002367	9.9574504096463	5.10240632036019	3.99086624283003	4.10549280468175	3.32091829446858	9.20799216938168	3.65607382272787
IL6ST	8.98010514118026	9.504107143957	8.10671546678613	7.24857422268754	8.4863167022432	9.13884542553936	8.18545429015652	7.3209892108604	9.27550217026698	9.00931633255513	8.4986049817854	8.94396962272773	9.48683812229276	8.79451183852009	7.4649763997449	10.4041686907381	9.80756360840177	8.35983728376088	10.7893681050714	7.31713930253482
IL7	8.69352530814693	9.76714154979079	9.59832749117258	8.8815694198305	8.2896247912381	9.17470547489593	9.02912689211493	9.36098727879232	8.10473814871326	8.3399307705579	8.95832107149547	8.10517335346736	9.65631901259077	9.13719849357425	10.0459258379594	8.82570190130974	7.1575813158302	9.72605975760492	8.30412081807196	9.88393039578837
IL7R	10.6373092985804	9.22021841008881	8.89901243095205	5.74042731901721	7.44809738001271	10.6201166232183	8.84149988893916	7.95717703493673	5.40995237003936	10.3958871765319	6.85943540698501	8.57306273501194	10.5455719470832	9.51253586903283	9.27918499284357	10.4690913756954	8.1575813158302	10.6166872288891	8.74284023638246	8.21372897745329
IL9R	3.8583361778926	2.47068414241955	2.78839862545115	2.24857422268754	0.228928859550548	3.9196769050772	3.14106017079806	3.06142699693342	2.84923741556488	3.572764938616	2.64998204135606	-0.545878337711569	2.7983380174632	7.20954933779893	2.29505139830259	3.74985814332624	2.82538488548901	3.90588079518974	4.38714140483986	2.14150064989811
INHBA	4.0993442773964	3.47068414241955	2.6363955320061	3.24857422268754	2.8138913602717	4.7270318271348	3.43056678799305	2.36098727879232	2.98674093931481	7.79713772408069	3.45733696341366	2.91355328092573	4.69142281354668	6.07830480452068	3.43255492205252	4.19731712029746	5.66188615320613	2.90588079518974	5.86713434595947	3.72646315061927
IQGAP1	13.3311193112237	12.7145721546331	13.2582439114225	12.9728748958971	12.7546943383725	12.630268123584	13.2150529250991	12.7299029187592	12.4296844351635	13.2264368289357	12.7513011957793	12.8961580064984	12.9237514879465	12.8261780849338	12.5655803406833	12.6773667700133	11.9978123941345	12.9363180381941	12.9395071496197	12.4963796859901
IRF1	11.3531008696422	10.7176622020343	10.9248771438003	10.7838495993083	10.4236857139728	10.1747054748959	10.8870145481915	10.6829153736797	10.311944166235	10.2088317802852	10.4860323964141	10.0334375998684	10.9246737503578	10.8758119406219	11.4098348455524	11.2226412766573	11.2244338774053	10.1395004719494	11.6260489129593	9.07729712195301
IRF3	9.77828292632657	9.24415307032474	9.67104167481299	9.34923656169274	9.3710359168531	9.83704898455404	9.90187250691864	8.90208389414185	8.83337101010586	9.23864743472072	9.2007288267393	9.57565517962846	9.53207971075511	9.08686681802411	9.74296114704467	9.80612636297298	9.11869230243661	9.98625421165376	9.48350979931209	8.7070107879531
IRF4	10.2333756092395	10.3111473762891	11.7501376980553	9.48458841458762	10.6604264638086	10.5462985574356	10.5266829410028	11.3386249691982	11.0547863267379	9.94378758303153	10.9831373916667	11.9638966666154	10.2901911137929	9.9574504096463	10.471972509947	10.8315231400385	10.7928170230326	9.80875832829163	10.7884700689136	9.2810520022969
IRF7	11.0227860492688	10.9325728068524	11.3748631513375	11.6478521471965	10.9644848834621	10.4752246767243	10.5645262921475	10.2443942651807	11.5479420823352	9.92217376992547	10.6861556539095	9.11054652556621	11.1337283721571	10.9551140608913	11.3883369021805	10.4312562954619	9.04869709967835	10.4681232194108	10.0034000360506	9.66282065516845
ITGA1	4.48636740050564	2.73371854825334	3.05143303128495	3.70800584132484	3.03628378160815	3.37910852371449	3.43056678799305	2.16834220084993	3.11227182139867	3.45728772119606	3.23494454207721	4.2090091644519	3.89787369101411	5.38642709988301	3.29505139830259	3.99086624283003	3.33995805831877	2.64284638935594	5.81163923336777	2.33414572784051
ITGA11	4.39890455925531	3.84919576567328	3.37336112617231	3.8335367234087	4.13581945515907	3.50463940579835	4.05859801060609	3.36098727879232	3.52730932067752	3.04225022191722	4.23494454207721	3.54158450353877	4.07844593665593	6.00791547662928	4.06058614466557	3.46035152613125	3.33995805831877	4.02135801260967	4.72417639211743	3.58207324128409
ITGA5	7.96876016758625	6.41554258822709	7.44375045406371	4.15546481829606	6.03628378160815	7.27722890969528	7.67157488749684	6.26787787440084	4.48150563106439	8.41535704073014	7.40486954351953	4.97768361834544	7.7918829953259	7.59287797735044	6.41606679926395	7.11060548710413	7.94876730099429	7.12827321652618	7.33888623623264	5.61954794670276
ITGA8	2.72083265414267	1.73371854825334	1.46647053056379	3.05592914474514	2.8138913602717	0.919676905077196	1.97113516935575	1.36098727879232	1.84923741556488	3.3317568391122	1.97191013624342	2.03908416300959	2.31291119029295	3.27094988246308	1.97312330341523	1.29042652468894	1.60299246415256	2.64284638935594	3.83965360953736	2.14150064989811
ITGAL	11.1412139953393	9.35087987136265	9.7622394649843	11.3830005429085	9.07127920296436	10.1899722315492	11.0763889490566	9.23750422535732	10.161212730026	10.6396820746006	9.64998204135606	10.225611131789	10.723150521069	10.0479311554772	11.1317329916297	9.87350929219187	9.79446299587614	10.8649167446031	8.76857051147588	8.81594515950626
ITGAM	7.66569109995021	8.01294219218647	7.55393337181413	7.25980147811079	6.251296672579	7.38728245516019	8.52572402103339	7.5993920181174	4.33466424273512	11.2015609622087	7.77410335318524	6.81167366690651	7.58344013267367	7.14541900037922	9.29279542436222	7.18524428799688	9.24203163762951	10.0857898852047	6.16158170442473	7.34537298326376
ITGAV	5.72083265414267	3.95611096958979	4.71439804400737	6.94901394082863	4.22892885955055	7.28599911932301	7.32868717397384	7.29172461635521	5.30866903420218	7.49437703993128	5.45733696341366	6.22230598706536	6.63483928518032	7.1778404780716	4.06058614466557	7.09778144674654	8.00671465020357	5.12827321652618	8.2160294884471	4.33414572784051
ITGAX	9.93806337036334	8.23090508888606	9.20962192467629	8.2984227721381	8.17144336488979	9.08709505090893	10.027772884469	9.3151835891792	7.46982382601676	9.60364425149997	9.33823235048924	9.19390227206169	9.30159587706512	9.3080392011983	8.31297330629985	8.74985814332624	10.6555605149567	8.67406511996666	9.89075795048537	7.62876647673214
ITGB1	11.1794443267273	10.1725104008316	11.5436200461535	11.9341990624139	10.3723120735404	10.7984941896914	10.8040251835205	11.922036505492	10.8559842480055	11.027775951787	11.2489650123921	9.05774800727462	10.5918252097929	11.8126918545851	12.6778915427778	10.3197137516572	11.4178419227571	12.2859810512132	10.9831349426853	10.3948416595281
ITGB2	12.079264082769	11.0593987780018	10.5115475824987	10.6257847530761	10.6677207121288	11.1051718292881	11.9401618715065	10.415591596753	10.0713077708121	12.9306552466806	11.3157620696855	10.0761734817448	11.6757317158272	11.2424934364138	11.6903713092429	11.0913264246092	11.4369366946893	11.4242061028806	10.8882452734365	10.4433234311958
ITGB3	5.8583361778926	4.6723180035892	4.22135803272726	6.20277053307441	4.03628378160815	4.16760441852078	4.29306326424312	5.4270764692501	2.69723432211983	6.06214977935492	5.37790249591926	6.28701167645317	4.23891060884918	6.77345022299226	4.29505139830259	4.53835403813252	5.10549280468175	4.32091829446858	5.04610448700479	2.65607382272787
ITGB5	4.8583361778926	3.60818766616948	4.9900324866208	4.15546481829606	4.03628378160815	3.9196769050772	4.05859801060609	5.852840375122	4.28219682284098	4.39588717653192	5.07624679605816	2.62404666373074	4.45041471404289	4.00791547662928	4.06058614466557	2.8753890254101	2.60299246415256	3.78034991310588	6.24773834817444	3.14150064989811
ITGB6	3.39890455925531	1.14875604753219	2.27382545262139	2.24857422268754	0.228928859550548	2.24160499996456	1.97113516935575	2.68291537367969	2.33466424273512	1.45728772119606	0.649982041356058	1.03908416300959	1.57594559612675	2.68598738174192	1.55808580413638	1.8753890254101	2.60299246415256	2.32091829446858	2.46114198628363	1.33414572784051
ITGB8	4.72083265414267	4.05564664314071	7.02105938224143	3.41849922412985	3.92936857769164	7.52700721882681	2.29306326424312	7.59460695555203	7.04300915896156	5.98084967725307	7.60998397342414	3.54158450353877	7.34853510002367	7.1778404780716	2.97312330341523	7.20928976196353	3.7184696815725	3.64284638935594	9.43613009827556	5.33414572784051
ITK	8.91460439753935	7.65655068773088	6.6363955320061	4.70800584132484	6.33745331632872	8.2234576532543	7.6077597898994	5.51073439829701	4.69723432211983	7.69887370776582	5.75850649813423	7.72090820298333	9.21015161586775	7.79451183852009	7.40775153105195	8.09778144674654	7.02925721885466	8.00039839397403	7.19449632689746	6.91157455587626
ITPR1	9.78907351545549	9.70526210220411	10.6587633450346	8.53859306962016	9.98548518207464	10.5251564231389	9.47694672327535	9.63827467892268	9.93563906144491	9.71624627176394	9.99649577452169	8.45412166228843	10.905368227561	9.48688728166223	9.37400273969741	11.1026038302034	10.5188718429883	9.93562813858379	8.29908522817466	9.31285618694687
ITPR3	7.71178751453966	7.13744073430435	8.23465485534072	6.37785723963251	6.45774755004643	7.64759735964039	6.57104801154288	8.2189682739199	7.99898453506956	6.47223806266203	7.07624679605816	8.69013585418852	7.34853510002367	8.06102681308884	6.98435055883848	7.70827903957484	9.56877674881465	7.54008681493074	5.75392373551148	8.28834203822738
JAG1	4.64683207269889	4.23621888878253	4.42066684095066	3.05592914474514	3.8138913602717	5.16760441852078	4.49469712541277	4.06142699693342	5.30866903420218	6.73030621560248	5.40486954351953	3.45412166228843	5.07844593665593	6.00791547662928	3.78047822547283	8.36724212173977	6.18795496487372	4.40838113571892	6.94656881345388	4.19212672296808
JAK1	12.3403190301982	11.6330754711765	12.3690340725353	12.0250072551323	12.0919535697874	11.2628626205251	11.9256950163556	11.0021358762036	11.8356483508169	11.7403760742201	10.8416581877085	11.3718666757316	12.3592167067865	11.112252136444	11.8064087389997	12.4430282687081	11.0995134015251	12.0445792388786	9.90905173502571	11.6067755128169
JAK2	10.7652267735011	9.65059323243448	11.9350945734818	8.25419877188142	9.12374662285849	10.6944639646784	10.5466744161903	9.37221453421558	9.62928499162675	11.0503675493397	10.032606067931	9.78727701259905	10.8214983023824	10.4475386141864	10.7305133127819	11.3429945754931	10.6654883898863	10.4333578012501	9.28896101090095	9.92379687435529
JAK3	10.4501135001701	10.5602670355443	10.2453690065722	9.30385665818873	9.36335517977147	10.179420168768	9.99072589771363	10.0553451660138	11.4103343891177	9.2901777353608	10.2683675436147	10.8960283668307	10.5465308670527	10.6430894233042	10.4087935643518	9.52883126401402	9.57836279764385	10.0957053540698	10.4923607168944	10.9896764509961
JMJD1C	10.7004007542379	10.9561109695898	11.7773672793615	9.8372888582698	11.4131843549559	11.6845484958133	10.7184889988338	10.6738702340767	10.771673155798	11.1379402669594	11.1221651575456	10.6513383553985	11.4732868777288	10.8357345012466	11.3306753080333	11.5798691003773	11.8887799667775	10.4782652298314	10.4532305952976	10.7817455861205
JUN	13.1107865876074	10.621446886775	12.1828613200615	11.7608208655167	8.76808767065858	10.127911263417	11.8426554316849	10.852840375122	9.51883116675321	11.708375575533	10.4500730289811	9.68774133904813	11.2436485278558	10.2056236345851	11.0691795425962	10.3924021956382	13.7184696815725	10.794624044088	8.90076512384075	11.1571148182938
JUP	6.15379206141877	9.50190287303027	10.1651751973341	7.79546868257518	10.0135637051081	6.31199432785596	6.51029398046378	8.60416126226528	10.2181803299698	5.84960514397482	10.1577766815548	7.84643908506719	8.94517940579247	7.20954933779893	7.04993890046606	4.74985814332624	7.74595041799461	4.49084329591089	8.32408923430456	10.3199876648438
KAT2B	11.314037008206	11.0839210971359	11.6955897512224	10.8806606355227	10.2678478488428	11.1664175035703	11.4041989344778	11.0236556543099	10.4822326127078	11.5518053199803	10.8733804560677	10.8105736325102	11.8380404414969	10.978309014544	11.5859918007063	11.522847451865	11.0038719004347	11.6713050367814	10.1560221790828	10.8776609439927
KAT6A	11.3005257176014	11.7639258613758	11.8552950685874	10.6674809539454	11.1968755653633	11.9871112658337	10.7516749368277	10.3882021639522	11.3346642427351	11.7407619763331	11.0444447359664	11.4785687863291	12.0136976684503	11.7866497207471	10.3361629336717	12.0119529886964	11.55524836397	11.221030357446	10.8107549581082	11.1281553728615
KAT6B	9.28764780815356	9.67623305359258	9.35064104967222	9.05914585742869	9.75052929927427	10.1508980857884	8.59318698881213	8.852840375122	9.37749615832329	9.66022777986634	9.65279705696311	9.33829218139687	9.79672696755721	9.59887671797188	9.55620607091816	10.0352603621885	9.81082025773247	8.96477448424331	8.25295605744546	8.65832627445925
KDM1A	9.95157365676958	10.5019028730303	9.93407608064679	9.85590453643715	10.3633551797715	9.9097808689347	9.79450240940199	9.96831759254193	10.3410905118946	9.57968435255579	10.1548010289889	9.45834212860663	9.52625847202639	9.32984357151664	9.74626251013492	9.93968270220625	9.47950941071756	9.46557653730046	10.5965947704688	9.94885557195571
KDM3B	11.0382452679075	11.0260401810554	11.2778452240737	11.0893521462826	10.9517363907201	11.2628626205251	11.2125225333547	11.0276551194827	11.0266569535541	11.2885949649981	10.9150109838142	10.072507164547	11.4135735292982	10.8856597265783	11.0704970724054	11.4093675974124	10.8261897362998	11.0749706619975	10.7241763921174	10.65551015988
KDM5A	10.8756507631948	11.0012855569364	11.3864511256128	10.3688121000295	11.015198487199	10.9544758676545	10.2908072903027	10.6550335920638	10.9281887569597	10.8192314949313	10.5523571558421	10.9781735810063	10.7886446212594	10.3513232989271	10.4679788879064	10.882883561957	10.2964794216519	10.6740651199667	10.4060004320912	10.4242581475048
KDM6A	9.58129891265983	8.99737898796153	9.76109127945542	8.32538981973837	9.273322978909	10.0229647134892	9.14855470734499	9.46427508720435	9.26201894090335	10.0118765728737	9.08669358349327	9.37149374176527	10.014737448705	9.05230959598774	9.67529598878077	9.89960526283092	9.64008178288778	9.16640834541296	9.04910697516631	9.04322954039085
KDR	1.39890455925531	1.14875604753219	1.05143303128495	0.248574222687539	0.228928859550548	0.919676905077196	1.97113516935575	0.360987278792324	2.11227182139867	2.19425331536227	1.23494454207721	1.45412166228843	0.990983095405591	2.68598738174192	1.55808580413638	2.8753890254101	1.01802996343141	2.32091829446858	6.56547864609837	0.334145727840507
KEAP1	9.12341841237525	9.42255164674645	9.33529308533879	9.86879404819503	9.30574445660138	8.0744950141293	9.1683518624658	9.45770243328086	9.72575436212988	8.47965553422451	8.87880073185194	9.51886442703869	8.45450746867677	9.66326730524184	8.83730944806951	7.51924521518482	8.99530988693132	8.04883874903178	9.62906185183557	9.45438360518247
KIF20A	3.39890455925531	2.47068414241955	2.6363955320061	8.06875318510273	3.03628378160815	4.44323886113421	5.52572402103339	7.19387729295707	8.6410514867267	7.12971306316756	6.02502147270298	7.94196169611148	2.31291119029295	8.60485061901652	5.25852552227748	2.6123546195763	8.45265819106813	2.90588079518974	8.59864551003357	5.48389284734519
KIF23	5.75645656387339	5.19315016689064	4.78839862545115	8.76427406097158	4.22892885955055	5.47426575675483	7.3548394618298	9.43780287584316	10.1392562624975	8.20771557516883	7.62152559530683	10.4385401210896	4.31291119029295	9.79972954779111	6.89198654068982	3.8753890254101	10.1652348883736	4.2278088900771	10.288961010901	7.91157455587626
KIF2C	6.0993442773964	5.90364354969565	4.46647053056379	8.61051799642278	4.92936857769164	5.04895992202216	6.77849009141336	8.7746152078165	9.94199455648473	7.68610641169194	7.23494454207721	9.67812333648654	5.03537721476404	9.33703907292085	6.72801080557869	4.74985814332624	9.12131777184343	3.90588079518974	10.2851460372168	6.96350234792012
KIR2DL3	2.98386705997646	4.05564664314071	2.46647053056379	3.05592914474514	4.31639170080089	5.80231995443904	4.36345259213451	4.11587478095579	2.33466424273512	5.08177858610385	4.29383823113078	1.77604975717579	3.69142281354668	7.77345022299226	3.14304830485754	5.81398848074595	3.92492055903993	4.32091829446858	5.83965360953736	2.50407072928282
KIR2DL4	4.48636740050564	3.73371854825334	4.37336112617231	3.70800584132484	1.22892885955055	4.00713974632754	5.39739992405785	4.00484346856705	2.84923741556488	3.45728772119606	5.40486954351953	1.77604975717579	3.45041471404289	6.6401836921288	3.97312330341523	3.09778144674654	2.60299246415256	3.78034991310588	5.34866725702522	3.24103632344903
KIR2DS4	4.8583361778926	3.14875604753219	3.46647053056379	4.41849922412985	4.31639170080089	5.50463940579835	5.10041818630072	4.64638949765457	2.69723432211983	5.15772743933715	4.64998204135606	2.77604975717579	3.89787369101411	6.14541900037922	5.01751742277368	4.8753890254101	3.60299246415256	4.2278088900771	4.38714140483986	5.7935773464778
KIR3DL1	5.04276074903003	2.47068414241955	3.6363955320061	3.94901394082863	2.22892885955055	5.50463940579835	5.10041818630072	4.26787787440084	3.11227182139867	4.91671933983336	4.17354399741307	3.54158450353877	3.57594559612675	6.93391489518551	5.06058614466557	5.6827439474677	4.33995805831877	4.9647744842433	5.13921389139627	6.9923572105923
KIR3DL2	4.92246651531232	3.47068414241955	2.92590214920109	3.5705023175749	3.22892885955055	4.9196769050772	4.21906268279934	4.49027029573729	3.84923741556488	4.04225022191722	4.40486954351953	2.91355328092573	3.57594559612675	6.20954933779893	4.14304830485754	5.6123546195763	3.82538488548901	4.2278088900771	4.94656881345388	7.31713930253482
KIT	3.20625948131291	2.73371854825334	2.46647053056379	2.24857422268754	2.55085695443791	5.64759735964039	2.29306326424312	6.81219839062465	9.61078864800936	7.02207233997959	2.45733696341366	4.15456138042952	6.31291119029295	1.68598738174192	1.97312330341523	3.8753890254101	3.82538488548901	3.32091829446858	6.26849690834124	3.65607382272787
KLF5	6.01361440337051	4.73371854825334	5.16691024870488	4.5705023175749	4.8138913602717	6.10950146395721	5.29306326424312	5.06142699693342	5.33466424273512	9.8192314949313	5.32240738332755	4.91355328092573	6.63483928518032	6.32984357151665	5.10240632036019	5.78227962101861	7.88839468301481	5.36531241382703	5.42461611025852	5.26488306540339
KLK2	4.48636740050564	7.71099847175326	2.46647053056379	5.45802758831649	4.13581945515907	4.9196769050772	6.21906268279934	4.71853928341041	6.76571406000259	7.76714298378285	3.23494454207721	3.03908416300959	6.09950755218376	6.07830480452068	6.14304830485754	3.46035152613125	4.01802996343141	5.64284638935594	4.59864551003357	0.919108228561663
KLK3	4.79122198203407	4.23621888878253	2.92590214920109	4.49650173613112	4.68836047818785	4.56353309485192	4.21906268279934	4.11587478095579	3.22774903881861	3.95978806172524	3.97191013624342	4.312102657416	4.57594559612675	6.59287797735044	4.49668525947224	4.74985814332624	4.10549280468175	4.02135801260967	4.46114198628363	3.42160856909085
KLK4	1.98386705997646	6.43415826639444	2.05143303128495	9.56598683645241	2.22892885955055	3.08960190651951	2.77849009141336	2.82041889742962	3.7752368341211	10.8786512989998	2.81990704279837	2.03908416300959	4.63483928518032	5.93391489518551	6.52771215509286	3.6123546195763	2.82538488548901	3.49084329591089	4.38714140483986	1.65607382272787
KLRB1	9.77828292632657	8.35820941316114	7.32445152569136	5.97649467725074	6.13581945515907	9.17706474776985	8.90777310835832	6.34967196556449	3.98674093931481	9.46478225774298	7.75326984976808	8.30587070370449	8.13053444780438	7.54396837686949	7.944666857366	8.61685601181124	6.49376339439781	9.40306733582245	5.97210390556101	6.97077034838416
KLRD1	9.73652646124781	7.84224300503151	7.01336499045143	5.89243041246226	5.72078195588022	9.11689359818725	8.85683154269515	6.99761189933597	3.33466424273512	8.39196147331812	8.34694956759034	4.91355328092573	9.13053444780438	7.41390783630512	8.07115538637575	8.07832908408037	8.22748332906036	8.09570535406975	4.72417639211743	6.55331424830267
KLRG1	8.8583361778926	7.13744073430435	6.77025127874089	6.08146423685228	5.92936857769164	8.45105836559351	7.98794345704231	6.11587478095579	6.05087127673453	8.10594489723461	5.98983204424068	6.91355328092573	8.29476384358269	7.59287797735044	6.67356302155632	7.36724212173977	7.23719848389357	7.45020131141355	6.70906949972722	6.53381807267687
KLRK1	12.999514411702	11.7209825603259	12.7533170332997	10.2372589094597	12.737961545857	13.6090197512114	12.8077773183816	12.225560360566	13.1841810462915	12.1305967967578	13.4778209092436	12.3564967767745	13.2848857640271	8.48040324809203	9.12287042291991	13.882883561957	13.1794768109494	9.14428553451481	8.30412081807196	12.5490719157829
KMT2A	10.6609994046255	10.5812979479204	11.1512191509854	10.6790267743531	10.8390309225502	11.1992874861297	10.2484225694861	11.0409071573107	11.1671022139568	11.0590585096038	10.4812892851581	10.7917435642809	11.6456191239336	10.6689809564362	10.4579461976774	10.9124783441453	10.6281320264311	10.5254894387178	10.4188244724488	10.2447884583101
KMT2D	10.1835394048128	8.81764103179843	10.5756482339191	9.82600305072329	10.3163917008009	10.7100254018291	10.3154310772716	9.71192646033876	10.0924113990378	10.8308779359059	8.97641152847836	9.76246069242784	10.5541793676223	10.3370390729208	9.72299273081207	9.9943300981336	10.6170129344675	9.8147737437094	9.32656596459677	9.86064496697707
KPNA2	10.5191424365973	9.6183978647717	10.0075671459133	12.3772130355401	10.5853808297723	9.73825908255805	10.8989131314381	11.8565925099831	12.1348708170317	10.5188839306295	11.0184885028638	12.2119283344857	9.5145450514626	11.7221609942954	10.5439277411397	9.12647687974701	12.1278606177102	10.0091686036018	13.026815315905	11.3795641248713
KRAS	9.87666282569919	9.5432187421425	9.35216690390318	10.2172410158827	9.92067237872182	9.9097808689347	9.72602267151922	10.6353654320387	9.92177201528783	9.95580454780675	9.91207688672624	10.0437728088032	9.73076370517885	10.537736423158	10.9338492982543	9.74369715869956	10.3589927276831	9.62469904264568	9.82746420052945	10.0730824095166
KRT16	3.39890455925531	2.14875604753219	2.78839862545115	3.24857422268754	3.03628378160815	2.50463940579835	4.05859801060609	1.68291537367969	2.52730932067752	4.04225022191722	3.64998204135606	2.62404666373074	2.99098309540559	4.27094988246308	3.29505139830259	4.46035152613125	3.60299246415256	3.64284638935594	4.04610448700479	3.0345854459816
KRT17	4.20625948131291	2.47068414241955	2.27382545262139	2.24857422268754	3.03628378160815	3.08960190651951	0.971135169355753	2.68291537367969	1.11227182139867	3.8723252204749	2.23494454207721	2.91355328092573	3.31291119029295	4.27094988246308	2.97312330341523	2.6123546195763	4.10549280468175	4.12827321652618	2.94656881345388	2.50407072928282
LAG3	7.45418699475649	5.6723180035892	7.85017482303784	4.5705023175749	4.47685637299413	6.10950146395721	6.81662522030013	4.44845012004266	9.88266041710233	5.82652153086178	5.60417835174293	8.44847509914729	7.40037403154329	7.70835519477038	5.49668525947224	5.93428271446366	6.33995805831877	5.36531241382703	9.61088910578832	5.54359909346946
LAIR1	8.5384559116541	8.07949338509507	9.79177598565347	9.96281974035366	8.32696094251108	7.7270318271348	10.2896779790585	8.32388328412958	7.51599400744968	9.54828225341665	8.55084884933681	6.97768361834544	8.95098502747367	8.90515590220408	10.0445856659718	6.51924521518482	7.98381424809349	9.02827742654946	7.53153131417503	6.88104018772814
LAMA2	2.98386705997646	1.14875604753219	1.46647053056379	2.8335367234087	1.22892885955055	4.00713974632754	2.29306326424312	5.5898059692882	2.11227182139867	2.67968014253251	4.50796303648363	1.45412166228843	2.7983380174632	7.07830480452068	4.43255492205252	4.09778144674654	3.01802996343141	0.32091829446858	4.99719488652384	0.919108228561663
LAMA4	1.98386705997646	2.47068414241955	1.78839862545115	2.24857422268754	2.22892885955055	-0.0803230949228038	2.55609767007691	2.36098727879232	2.84923741556488	2.19425331536227	1.97191013624342	3.45412166228843	1.99098309540559	4.68598738174192	2.55808580413638	2.6123546195763	2.33995805831877	0.32091829446858	4.783070081171	0.919108228561663
LAMB1	3.98386705997646	3.60818766616948	3.55393337181413	3.5705023175749	3.03628378160815	4.7270318271348	3.55609767007691	4.53091228023464	4.28219682284098	3.77921581608342	2.97191013624342	4.2090091644519	3.31291119029295	7.27094988246308	3.88001389902375	3.74985814332624	3.7184696815725	4.02135801260967	8.04008069937702	5.31142565134042
LAMB3	3.56882956069762	2.14875604753219	2.05143303128495	2.24857422268754	3.03628378160815	2.7270318271348	2.77849009141336	2.68291537367969	2.33466424273512	4.04225022191722	3.35042175949715	3.26147658434604	1.57594559612675	2.68598738174192	1.97312330341523	2.6123546195763	3.01802996343141	3.49084329591089	4.38714140483986	1.91910822856166
LAMC1	8.43232756079276	8.51069982126743	9.88748338634302	9.59508795585317	9.39383578622624	9.35012945674273	9.92387641654224	9.53466441509574	8.73919761522352	8.75190847008769	9.3206382904745	9.23384101743184	9.16840263339483	9.16980315900618	9.54297891174617	8.88288356195702	8.98092596876867	9.67847029908666	9.54222591497127	9.05353454878259
LAMC2	3.39890455925531	3.14875604753219	3.16691024870488	3.24857422268754	3.03628378160815	3.08960190651951	1.97113516935575	3.36098727879232	3.7752368341211	2.8723252204749	3.55687263696458	4.2090091644519	2.7983380174632	2.68598738174192	2.97312330341523	3.46035152613125	3.18795496487372	1.90588079518974	6.22667673264661	2.33414572784051
LAMTOR1	9.30879764302535	8.65258178552794	8.17727696426314	8.69565744889719	8.57765701378163	8.60967487649664	8.63647108654093	8.46951173557049	9.60546012841217	9.03723214715059	8.68890103064836	8.56786382833762	8.69834222748647	8.80492845446543	8.89496424048972	8.37257556604281	8.33544257719628	8.86007710557661	8.88740674098573	7.61027013311475
LAMTOR2	10.5126467253045	9.86985523623937	9.99882645585264	11.0151031312864	10.579868041097	9.2348264673335	10.6023122250597	10.1066616027945	9.41147983978595	10.027143329527	10.1518192262584	10.2566380274097	9.80636639121913	10.3153440018215	10.5257924009295	8.96638355763069	10.3433354185211	10.1835556520274	10.8080988756625	10.5478575259462
LAMTOR4	11.0328079686038	10.7971136295419	10.1380115972757	10.8108166469086	10.4273739010029	10.7977278178057	10.9605296692005	10.3902745057606	10.590704401966	10.9377413551515	10.7120281790765	10.582760475141	10.7862110614343	10.6604019715474	11.0959512982229	10.5095950451511	10.6409969082219	11.1128951153673	10.6479990534608	11.1909602803435
LAMTOR5	3.98386705997646	4.23621888878253	3.71439804400737	4.24857422268754	2.55085695443791	3.82656750068571	4.77849009141336	3.06142699693342	3.11227182139867	3.04225022191722	2.64998204135606	2.03908416300959	4.79833801746319	6.49334230379952	4.22105081685881	4.19731712029746	3.18795496487372	4.32091829446858	5.18360801075473	3.33414572784051
LAT	9.09239151675463	7.39668356097577	6.90109875820051	5.6408916454663	5.98381636171402	8.70431175063472	7.95981985612792	6.2189682739199	6.94516183556341	8.20771557516883	6.45733696341366	8.62654917093391	8.94808513696788	7.9148060722378	7.38251423955293	8.21523902829472	7.73912915213859	8.05562791469442	7.74654420514588	7.35651354086896
LATS1	10.2333756092395	10.4061438902248	9.72267921909118	10.1266251354161	10.1596661971134	9.63563889533234	10.1744831723355	10.1883299830264	9.94516183556341	10.296491509293	9.96286499664041	10.3481815085625	10.3865172308679	9.97138960060417	9.62954816669301	10.3210936609359	9.19793905344634	9.99157454358702	9.79563875467405	8.94701422513155
LCK	10.9801051411803	8.86643247059858	11.8004644133251	8.17931156025043	11.6467813744364	11.097719233942	9.84149988893916	10.3086242167442	12.98469019975	9.15541357349891	10.3964963624945	11.7047161694807	10.7583399495313	9.29331769549153	8.49668525947224	10.0586108494659	9.99530988693132	9.53037166009753	10.7722090885392	10.5208790169694
LCN2	7.25688555438288	9.09712327911686	8.25763341911881	6.5705023175749	9.22892885955055	9.88401777286961	3.14106017079806	7.24973052769058	3.61477216192785	16.3295136931757	8.38807430097655	3.91355328092573	10.8427321368216	9.06969167421597	7.74130762819215	8.82570190130974	12.2124790429104	8.06911114405804	4.66277584745329	9.59976077432496
LDHA	11.8670194456334	11.7285433770592	11.06405757015	13.0669566777287	12.0111080533818	11.2382197147799	12.0304796301802	12.405552161605	12.9301881498619	12.8379291569849	11.9884398844869	13.8908982595534	11.518460101466	12.4665271492139	12.6633395838373	11.2518762190871	13.0819305735603	11.7094737984511	13.3820902585627	12.4114621737215
LIG1	8.89075765558498	8.56660856241808	9.77821884556875	9.19985893765451	7.75249081560756	9.84151784215169	10.9830612356626	10.0931547044557	10.5308272327861	9.09632689467301	9.66957276971394	10.400296903012	9.48883493235671	10.3262323179643	9.1480489859159	9.75803207477194	10.8658703190621	9.38969657245399	10.4520968466806	9.32849916469937
LILRB2	10.1786239143987	8.19315016689064	10.6092158073153	7.89962591386647	8.09311500420483	10.0044852928816	11.6780628089732	9.10413867290482	5.48150563106439	10.7542039280754	10.0031288668541	6.06883150640364	10.1696479464121	9.86589647175686	9.64023484549025	9.0386193742784	9.93838281884649	10.2981982179685	6.92057360492093	7.66506260595513
LIN9	7.65629240194796	8.06761928480678	7.99394753662419	7.54319497157917	7.82138589681863	7.56353309485192	7.20953990868083	8.49541359901325	8.71713387955753	7.56581217797423	7.9261064466303	8.17179808535483	7.19065544024196	9.12061560937865	7.039212493873	7.49987989031789	6.82538488548901	7.15380830863332	8.73540364754068	7.80987915880691
LMNB1	10.1131500769214	9.34104886200295	10.2313421212999	11.108885277607	10.0507028415211	10.0347205552389	10.3900419006137	11.0540385741893	12.2159967439001	10.4694466492645	10.5141681860103	10.5154928549482	9.65454119962286	11.3794743392412	9.889002682251	9.08158941324396	11.9458079255137	8.6652142023844	11.9823498025076	9.29993001250259
LOX	2.39890455925531	0.148756047532187	1.78839862545115	2.8335367234087	0.228928859550548	4.31199432785596	1.55609767007691	2.16834220084993	3.11227182139867	3.04225022191722	2.64998204135606	1.03908416300959	2.31291119029295	7.07830480452068	-0.0268766965847735	3.09778144674654	1.60299246415256	1.90588079518974	6.38714140483986	1.33414572784051
LRRC32	4.79122198203407	2.95611096958979	2.78839862545115	3.5705023175749	3.39885386099286	7.51958974726432	4.21906268279934	2.53091228023464	2.33466424273512	3.3317568391122	5.75850649813423	8.99715348254367	3.7983380174632	6.68598738174192	4.61697949318995	3.74985814332624	8.39306939477833	3.32091829446858	7.70145631561735	1.65607382272787
LTA	7.21908352167049	7.98164606169693	5.02105938224143	5.6408916454663	5.35821187649551	6.14849559557308	5.49469712541277	8.25580504210027	8.03906197444489	4.95978806172524	6.3914490277572	8.48478879853537	7.36602252675252	7.24057623341956	5.85576635277707	6.33482064404739	8.59923054535636	5.40838113571892	7.71664271943202	8.4478878938897
LTB	11.3035391809235	13.7836805126673	10.5379328931204	10.7819039549934	11.8655534800942	10.3657263117937	8.62934665210755	12.5180183531707	13.2286157826361	9.3006853931792	11.1642029507142	13.2183712676556	13.4214356470711	12.8609130642426	10.8373094480695	11.5252439558063	10.8960808761599	11.3632616742623	10.1278985781684	12.999370595875
LTBP1	3.56882956069762	4.54107347031095	8.0626602867082	7.30385665818873	6.98381636171402	4.31199432785596	7.31098517224038	8.01562330732029	7.37905836209357	6.83810950513699	5.95376278953316	8.03908416300959	6.57594559612675	9.07830480452068	2.78047822547283	4.29042652468894	8.79281702303258	3.12827321652618	9.07879310571096	7.88873457951814
LTBR	7.25688555438288	5.35820941316114	5.69528922105967	4.15546481829606	5.65519361425265	5.89695682857711	6.75249488288041	5.78725203349442	3.84923741556488	6.3801198606736	6.86915056181822	3.70204917573202	7.06779869245642	7.35841272371342	5.06058614466557	5.81398848074595	6.6904553054029	5.40838113571892	6.28896101090095	4.19212672296808
LY96	10.8877489057126	9.54749973947038	10.0830193743428	10.9942485466897	9.55984573766517	9.14608909786598	10.3450878247259	9.81734169390061	9.91209307077087	9.36417831680458	10.3206382904745	10.1203456650916	9.69142281354668	9.9148060722378	11.1983307403587	8.63027652757356	8.59923054535636	9.89267093797213	10.5454188968151	10.2992084845851
LYN	12.8626843445907	12.7014251450465	12.9306333492323	12.8177177992326	12.3358189046428	13.2362412904741	13.3761436345624	12.6413230873476	12.3154158666428	12.6834991911962	13.1083886545926	12.7238327834312	13.0015112012921	12.5981282380376	13.7496591468374	12.69370490016	12.5388941464202	13.2164935768493	12.5670504948548	12.2509582255503
MAFG	9.13022359028037	7.58338427516891	7.97029626855954	8.08777801078448	7.68013997138288	8.86512074145511	7.82911616448332	9.33396706485862	9.0050675871214	9.8395514793109	8.4828720555208	8.47926122456694	9.48683812229276	8.78401946470245	8.2445863313196	8.53835403813252	9.01238340029027	8.55932303379366	9.03403165470421	9.08568978692961
MAGEC1	4.48636740050564	4.39668356097577	4.32445152569136	4.77213617874455	4.47685637299413	4.67456440724066	4.49469712541277	4.11587478095579	3.61477216192785	3.95978806172524	3.97191013624342	4.03908416300959	4.31291119029295	6.73038150110037	4.29505139830259	4.6827439474677	4.66188615320613	4.90588079518974	4.30913889283858	3.65607382272787
MAGEC2	3.20625948131291	3.3186810489745	2.46647053056379	3.41849922412985	3.03628378160815	2.7270318271348	2.55609767007691	2.53091228023464	2.52730932067752	2.67968014253251	3.10941365999336	1.77604975717579	3.69142281354668	6.07830480452068	3.43255492205252	3.29042652468894	3.01802996343141	3.90588079518974	4.13921389139627	3.24103632344903
MALL	1.39890455925531	1.73371854825334	0.46647053056379	1.24857422268754	0.228928859550548	1.9196769050772	2.77849009141336	1.68291537367969	1.52730932067752	2.45728772119606	2.64998204135606	2.03908416300959	2.7983380174632	3.68598738174192	2.29505139830259	2.29042652468894	2.82538488548901	1.90588079518974	5.53153131417503	0.919108228561663
MAML2	8.83769641183357	8.94641757338595	9.72385837325644	9.09092456610135	9.44324798035131	9.01243404599705	8.3762766324921	8.81836815786486	6.66686067307631	8.91124420976721	8.27569088442052	9.04657869955651	9.19065544024195	8.90515590220408	8.7479103630164	8.89405286967513	6.08411915388918	9.41631531726114	8.56547864609837	7.18589476925656
MAP2K1	10.5688295606976	10.0898036538728	11.0903520205772	10.1524560684237	10.1743726959285	9.89552487308398	10.3741471929307	9.93652652562685	9.82994824446507	10.5071362706466	10.0657238096461	10.4813365474483	10.3605804416843	10.5029710049973	10.4508815698591	10.4851833791112	10.3057423429809	11.0256865338312	10.0415890058823	10.7997121326499
MAP2K2	10.7944386947176	10.9019727967111	10.3345213843089	10.6494536589697	10.4577475500464	10.2119985378792	10.3526781205403	10.1803680696569	9.36335967573559	10.3142319250171	10.3813010723811	9.9369296190151	10.2856038442972	10.4308212192415	10.5524392409952	10.0750613702465	10.1369710361549	10.3166854453464	10.2762050034765	10.5575441425521
MAP3K14	9.8019165828303	10.4908307155313	10.2665615181888	10.364918183925	9.29232394083906	10.059228257476	10.3176489025214	9.74469157126638	9.86938398867665	9.68770851628844	9.59542587773397	9.70086226078157	10.260109774555	9.37248790892514	10.5758221684332	10.2167225194701	9.01238340029027	10.4732031367752	9.64105107629857	9.39754080912902
MAP3K7	10.3589064913234	10.218876992009	9.78614265151078	10.473781659631	10.6656404016878	10.1448843420207	10.5054380518104	10.8296113217103	11.1420191647927	10.586570738141	10.6315493232591	10.8740818401363	10.430813979387	10.7166545179889	10.4067087445657	10.4312562954619	9.66008165635938	10.3963974439566	10.93687541725	10.3509540155271
MAPK1	12.5422877732451	12.6343338184354	12.2159209961337	12.1323630259475	12.4119438604333	12.2165931119565	12.268051376235	12.2822703650997	12.1045020863646	12.7542039280754	12.2368218293179	11.9648858302063	12.3377738171563	12.1070002375211	12.3782647665516	12.059437845786	11.9098136666497	12.3110222583261	11.9521933626478	11.7894729481451
MAPK13	7.66569109995021	8.39193003100514	7.16691024870488	7.76427406097158	7.41875341843057	7.37088801690953	6.81662522030013	9.56433528177209	8.44318869951329	8.27746668361125	7.67788803792594	8.95794740028418	8.37900038075073	7.97138960060417	7.944666857366	9.59192271967149	9.36010463143055	7.66964644869966	7.02185694075811	9.67399573072513
MAPK14	10.767411020763	10.9103072799767	11.1237889801451	10.1266251354161	10.3607858201593	10.3842226554111	10.6068532896868	10.7809474566402	10.5987716832341	12.3079954814115	10.5402463183772	10.9683425716466	10.6896877621759	10.7385554325461	10.8083842220427	10.5442740096763	11.3109267188406	10.4333578012501	10.288961010901	10.6481624317419
MAPK3	10.2937223225632	10.3035741565843	10.2714082026157	9.8815694198305	9.07755179997989	9.69610993752193	9.37201460563794	9.50691942461284	9.80459672080787	9.88075384254548	9.75064438036126	9.65746966526819	10.0036076342707	9.924392121067	10.2246057140354	9.92705114523259	9.88839468301481	10.2501767031056	8.6783727025043	10.0831771098807
MAPK8	8.10626369133619	8.0556466431407	8.16343805679808	7.96967341139472	8.55535834667285	8.66451074257674	8.59318698881213	8.56555842304153	9.37749615832329	8.22987722509299	8.46696566461144	7.79397166517306	8.20043646103454	7.9148060722378	7.82487234483128	8.69130596097112	8.33544257719628	7.81277139079825	8.4338346402879	8.72000812848197
MCL1	10.3117938954853	10.1145403321943	10.9223114396902	10.0543180948392	10.1282857824737	9.82956998884724	11.0114248903815	10.6851678254111	9.4311911664137	10.7185991318248	10.969089617181	11.0902931039244	11.0022103508288	10.5408557650022	11.3383521526668	10.041970583778	11.4841064248277	10.0368802847237	10.4846191381141	10.3064075765738
MCM2	9.63730929858038	10.0956623219886	9.84150996191071	9.68320245032426	9.25406842182906	8.77142594649325	10.0599234080727	10.1225385112368	11.2675117094454	9.54121020474115	10.0636099703802	10.5514954312787	8.09950755218376	10.8758119406219	9.51228211452326	8.11060548710413	11.3870819704328	10.1314899292097	11.1392138913963	9.2810520022969
MCM4	9.2754215058203	9.20674777029136	9.59446485154018	10.7273438421633	8.06181887371529	8.43537674336124	10.2047548461155	10.8234895513896	11.5648562746397	10.0447527291204	10.5180328951012	11.0082308148624	8.02440609694304	11.6343546133266	10.4274225970351	7.79822116488764	12.7487123709082	8.32654284366246	11.8018822669138	9.64816243174186
MDM2	10.5850187987969	10.3311504009367	11.4408851203693	10.7454280000756	11.1282857824737	10.794658252731	10.8583557848241	10.0614269969334	10.9938956583968	11.3676806127109	10.9554738334667	10.9869645732497	11.2107566462985	10.9172085624531	10.4917764590886	11.3845042103608	11.9234169684495	10.2397815317432	11.1781328806886	11.0565263630043
MEF2B	9.906699199454	5.39668356097577	10.0382231740673	6.8335367234087	10.140320847394	8.82355875081338	9.66810269559004	6.86083316587553	7.66686067307631	7.76714298378285	9.43788460074749	5.26147658434603	7.77888565479702	6.00791547662928	4.8311042985428	10.0783290840804	9.30111831645541	4.56884580791217	10.08319380574	4.61954794670276
MET	3.39890455925531	3.14875604753219	5.44375045406371	3.94901394082863	3.03628378160815	4.50463940579835	1.55609767007691	3.68291537367969	2.33466424273512	3.19425331536227	1.64998204135606	2.26147658434604	2.31291119029295	6.81527039868689	4.29505139830259	2.8753890254101	3.47746158206871	4.9647744842433	5.66277584745329	3.33414572784051
MGA	10.4226589125547	10.6781866016783	10.8662824898895	10.3146634131453	11.2760527716646	10.4675354111356	10.1360420960314	10.8752081881505	10.6001118552217	10.2010001478029	9.96626357310228	10.4498888131662	10.6075319391846	10.3370390729208	9.70783292364106	10.0977814467465	10.0390099023356	10.0056669148902	9.68996067677952	10.0012572699155
MKI67	7.80829549539301	7.05564664314071	3.78839862545115	10.6311982492625	5.4383822251795	6.90836159184936	7.80402518352049	11.328933984605	11.6572362541879	10.4497540485107	9.09499688722448	11.4537693988168	6.48283619173527	11.3280390746699	8.15303239343016	4.74985814332624	12.1845069142482	5.2278088900771	10.4071709757991	7.96714092498346
MLANA	3.56882956069762	2.14875604753219	2.46647053056379	1.24857422268754	3.03628378160815	3.7270318271348	2.97113516935575	2.82041889742962	2.84923741556488	3.04225022191722	2.23494454207721	2.77604975717579	3.45041471404289	7.1778404780716	2.29505139830259	3.8753890254101	3.92492055903993	3.32091829446858	4.94656881345388	0.334145727840507
MLH1	9.54865167875999	9.17112386056064	9.51223019194647	9.62578475307609	9.4697201917125	9.80537327841659	10.2249826543432	10.1016113232817	10.2041479271517	9.70204795556096	9.81614512400217	9.86032666770729	9.02165023165253	9.8609130642426	9.56744790734007	8.95220462246093	10.6654883898863	9.47573640352068	10.2186986752231	9.64248475797991
MLST8	9.09587208548959	8.92354310713336	8.85233293120525	9.57724915001549	8.85828547963016	9.0203392440824	9.18302346390176	9.18116624120751	9.26371125199581	8.67645624165822	9.17745904741645	8.66357502791738	8.57594559612675	9.29331769549153	9.36544072619399	8.71669127939104	9.14731298037638	9.00391287815026	9.2762050034765	9.2955954222387
MMP9	6.32964189681819	5.05564664314071	6.11032672033851	3.94901394082863	3.92936857769164	4.82656750068571	2.97113516935575	5.71853928341041	7.10473814871326	12.7780882700777	5.98983204424068	7.35498847026918	6.66340843737709	5.68598738174192	3.29505139830259	4.99086624283003	9.35118531374202	4.32091829446858	10.5945411117008	5.90400133617146
MNDA	12.5394148316235	11.8617128692297	12.5339048913203	11.422251358991	11.9867355317478	11.3755178142036	11.1634279838265	10.5819701298741	5.7752368341211	14.3517897341272	12.1830683835237	9.68173760570265	12.2074258345661	11.5125358690328	11.8419458581902	11.1304175952288	12.2432374003749	11.4287892087482	10.6647347004913	11.4653596329268
MS4A1	15.4074644886124	15.3610244287682	15.3030140641181	16.1270562696935	15.4614622118224	15.4371617620921	12.5899794711224	14.6498893910532	14.9912167950904	14.9099579648834	16.1266333280258	14.4250364148042	14.8126076191816	14.7456698289896	16.2132810818247	14.4013991324718	7.10549280468175	16.4870028994015	15.1810868991939	14.823241043254
MS4A2	3.39890455925531	1.73371854825334	1.46647053056379	2.5705023175749	3.22892885955055	3.24160499996456	1.55609767007691	1.68291537367969	1.84923741556488	4.12025273391849	3.23494454207721	2.26147658434604	3.45041471404289	3.27094988246308	2.78047822547283	4.37788936593928	4.01802996343141	2.90588079518974	1.72417639211743	1.65607382272787
MS4A4A	5.8251693139574	5.35820941316114	6.43225481522588	6.55235497086464	5.78351771122819	7.05922825747599	7.90187250691864	7.84480305605658	7.06646813178555	7.95978806172524	8.85943540698501	6.33676471165027	6.87362614476743	9.07830480452068	6.75448301693989	5.90513636880415	7.18795496487372	6.04883874903178	8.68996067677952	5.35651354086896
MSH2	10.3790441368945	11.0757932162525	10.4192117777503	10.6138030719391	10.4768563729941	9.74304414512343	9.84149988893916	10.7629334027689	11.4368274349741	10.0939123417397	10.3650860505922	10.8996538813167	9.83490414669463	10.9667581518725	10.1392863860613	10.2137540101081	10.63641546569	9.75346019485684	11.3954225799237	10.231991183846
MSLN	3.56882956069762	1.73371854825334	2.6363955320061	2.8335367234087	2.55085695443791	2.50463940579835	2.97113516935575	2.94594977951348	2.84923741556488	3.04225022191722	3.23494454207721	2.62404666373074	2.57594559612675	3.68598738174192	2.97312330341523	1.8753890254101	2.33995805831877	0.32091829446858	3.46114198628363	5.87330453894854
MST1R	3.20625948131291	3.73371854825334	4.78839862545115	3.70800584132484	3.55085695443791	3.24160499996456	3.87802576496427	3.60891479223591	3.43419991628603	2.67968014253251	2.97191013624342	4.15456138042952	3.31291119029295	6.38642709988301	2.97312330341523	4.74985814332624	3.18795496487372	4.40838113571892	4.30913889283858	2.91910822856166
MTHFD2	9.49693664221583	9.98480640259026	8.26737043048409	10.9094614929901	9.30307032230305	9.43537674336124	9.94984562846211	10.5408963688073	9.08381537534944	9.3741624053772	9.87880073185194	10.6781233364865	8.65631901259077	10.1617208127083	10.7828914321256	7.8753890254101	11.9776697277956	9.16012208256552	10.642045695463	10.0267612295351
MTOR	9.55372266830741	9.29341429036407	9.36733733854454	9.14641967869305	8.97712170914001	9.43931315792041	9.00730878190924	9.71743924901408	9.36335967573559	8.85531879516921	9.06360997038023	8.88248183499272	8.9364269317835	8.75207657219969	9.21152804274031	8.60330947997329	9.5078779238707	8.72179773075076	8.85002032509562	9.33414572784051
MUC1	4.30579515486382	4.47068414241955	5.57499498734196	3.5705023175749	3.39885386099286	4.37910852371449	3.77849009141336	5.11587478095579	4.91962674345628	4.8723252204749	3.35042175949715	4.15456138042952	3.1609080968479	6.14541900037922	3.43255492205252	3.74985814332624	4.47746158206871	3.32091829446858	4.22667673264661	3.50407072928282
MUC16	3.98386705997646	3.47068414241955	1.05143303128495	2.24857422268754	2.8138913602717	3.62011662321829	2.29306326424312	3.06142699693342	9.34589149815837	2.19425331536227	2.64998204135606	2.26147658434604	2.99098309540559	4.68598738174192	2.55808580413638	2.29042652468894	3.01802996343141	2.64284638935594	3.94656881345388	2.7935773464778
MX1	10.9136186133938	11.3236817300329	10.5339048913203	12.4346884622292	10.4780423122643	9.29688743546575	10.1903036898179	9.75223086821977	11.8489556116689	8.96243764013919	10.8054327726682	8.67329018275059	11.2222042761168	9.73038150110037	11.2729037062738	9.74369715869956	7.51787585051461	10.0924077639692	9.79742537414807	9.510318876948
MYB	4.92246651531232	4.14875604753219	4.9900324866208	4.24857422268754	5.18312516993742	5.12913027070615	4.77849009141336	5.77037821493003	6.37279937162189	7.25602951294896	5.26469188547127	4.2090091644519	4.45041471404289	6.32984357151665	3.55808580413638	7.32384952622639	6.73227548109753	4.32091829446858	5.81163923336777	3.85770768389752
MYBL2	9.88272033651956	8.87667650209539	9.78614265151078	11.1866835489068	10.0681326476475	10.1520978322533	9.47892980955445	11.7086086473605	11.8259447274118	8.97561302888693	10.9400008882887	10.6744999899837	6.96826301890551	12.1423417968502	9.95326288105438	7.6827439474677	11.5213588200581	10.2722030094356	12.3945375814044	10.0881980953694
MYC	13.5344535370045	14.2870278477044	9.02105938224143	13.2804476978074	13.5205312665334	10.4034926823415	11.0585980106061	12.6124696894125	8.5357379427481	11.2462778758451	12.3204170012585	10.753902065147	10.5359475281948	13.0424393519637	13.5577335406648	8.53835403813252	13.5125105784492	13.2767497987045	12.8705329224213	12.8968651548898
MYD88	11.7826088517294	10.979271254509	11.1612636855637	11.52528024258	11.5604056814102	11.413532354318	11.774055367941	11.2216863114043	11.4569376037021	11.5548809615552	11.9091368102229	10.4937261802422	11.0764555545869	11.2877581701496	11.3745361821294	10.7742423019532	11.3269377674953	10.9254715235476	12.0636552837355	11.4235962089564
MYL9	7.47572015630614	10.0705969846067	6.85878795334255	6.90678570543933	6.67187235539928	6.50463940579835	3.97113516935575	6.97569712290753	7.4873112527456	6.98084967725307	6.85943540698501	9.36251428306218	7.15085443218398	7.46734709526658	7.06058614466557	6.35651571514671	4.7184696815725	5.32091829446858	8.68224571165151	2.65607382272787
NANOG	3.98386705997646	3.47068414241955	7.18756971927098	2.24857422268754	2.55085695443791	7.35430513271392	5.58584501347096	6.97569712290753	3.7752368341211	5.26464264325366	4.97191013624342	4.09797785206316	4.89787369101411	8.12893087759065	2.97312330341523	4.46035152613125	5.82538488548901	4.56884580791217	5.53153131417503	4.65607382272787
NBL1	2.72083265414267	2.14875604753219	1.05143303128495	1.24857422268754	1.8138913602717	3.08960190651951	3.14106017079806	3.53091228023464	4.22774903881861	1.45728772119606	3.64998204135606	3.77604975717579	2.7983380174632	5.00791547662928	2.55808580413638	3.8753890254101	4.33995805831877	2.64284638935594	5.38714140483986	4.91910822856166
NCAPG	5.0993442773964	3.84919576567328	3.27382545262139	7.01675854746447	2.8138913602717	4.44323886113421	5.256537388218	7.64638949765457	8.16755425689986	6.5305367032267	5.32240738332755	7.68294035278431	2.31291119029295	8.17784047807159	5.67356302155632	4.19731712029746	8.44429471813351	3.12827321652618	8.39187932384652	5.82599882417018
NCF1	11.0704456259672	9.94154634183325	10.3048866063611	10.5906488906867	10.1685080738652	10.0656090508977	11.3286871739738	10.5024558341854	9.9001743807901	11.1385261329739	10.6251134982774	10.9257968766805	10.3507326557279	11.0675303329265	11.3899208310213	9.84309562220321	10.5415919194884	11.3230300709484	9.77220908853923	10.8169536845672
NCF2	11.7281403009891	10.1599833029554	10.5743414448434	9.57724915001549	9.74068151331793	9.7961938516422	11.0532842107096	9.91940799206099	7.97439254688717	12.5405454193638	10.7978229350284	6.93793743955269	11.2281930561606	10.5868541897227	10.1317329916297	10.4171309975321	11.6975100629369	10.7078585397929	7.68610835128391	8.73502516412269
NCK1	9.95732527252397	10.776289932005	10.3406834653947	9.39068127999009	10.3672006597228	9.73985586749238	9.32868717397384	9.37221453421558	9.56210828325478	9.45916500843673	9.63297561605037	9.91764603555961	10.1609080968479	9.01690425985654	9.52962935808715	10.3416354656037	9.26832838133774	10.5082703676691	9.81869399090172	9.52643854231127
NCOA2	10.4031250255735	10.0809707995006	10.3838426100406	9.61926162949476	9.93283243299521	9.96543656645988	9.78971734683661	9.80703668550887	9.95462216481248	10.3358495937461	9.73611826638337	10.1632054748388	10.343026521201	10.2558429900729	10.4986441125103	10.2946469910071	9.96054446877065	9.90775808243041	9.62705392521932	9.48896383689261
NCOR1	9.40171957486236	9.37997722824337	9.29142927109231	8.08146423685228	8.72078195588022	9.47809761834586	8.31543107727157	8.44579566659669	9.16212037084923	9.46851497661931	8.25360838634225	8.6684407830892	9.30839570917046	8.32984357151664	9.2905359171801	9.24171123965591	8.82860159817255	8.94297011392496	7.65491372968031	8.9959238256125
NCR1	7.0713299012268	5.95611096958979	5.32445152569136	4.05592914474514	5.13581945515907	7.45105836559351	7.12088228886044	6.52085861557071	7.40382626724251	6.70521523463965	6.9261064466303	3.45412166228843	7.32189997352021	6.32984357151665	6.84348802299863	8.85648056286003	6.35787996631603	6.67847029908666	8.44299463957337	5.26488306540339
NDUFA2	11.9027302972511	11.776289932005	11.5720517118412	12.8349449178015	11.678077504926	11.4009718097083	11.6672333403116	11.567696428151	11.9147881865199	11.5345485257927	11.7384390448423	11.0489127803777	11.4631662115951	11.9351008344556	11.8645273000802	11.5174407183381	11.8136638079382	11.7961450722108	12.4165012915266	11.9930266228884
NDUFB1	11.3726019255607	11.2631491023995	10.9870892111201	11.6904809272298	11.0845760255778	10.8724181522637	11.5466744161903	11.1037177553115	11.2950799694542	11.3571481147371	11.305959903843	11.3564967767745	11.1047252614548	11.4901184029252	11.579528516113	10.7852821091801	11.3450211383322	11.6051640442983	11.732605014188	10.9775510049562
NEIL3	4.79122198203407	3.14875604753219	3.9900324866208	5.33603706393788	4.8138913602717	4.7270318271348	5.82911616448332	7.58980596928821	8.83792210233704	7.62051807006436	5.95376278953316	7.49851578164689	4.31291119029295	8.00791547662928	4.88001389902375	3.74985814332624	7.01802996343141	4.02135801260967	8.73167092866435	5.60093226853541
NEK2	4.56882956069762	4.23621888878253	3.55393337181413	7.14339198599548	3.55085695443791	5.08960190651951	5.49469712541277	7.47472944484151	8.03510396087621	6.17610596865201	6.00753404597414	7.312102657416	3.89787369101411	8.41390783630512	5.01751742277368	3.99086624283003	7.76622281302087	4.49084329591089	8.2160294884471	5.8419403680392
NF1	7.47572015630614	7.57502080223428	8.18071604822991	7.85590453643715	6.55085695443791	7.90836159184936	6.57104801154288	6.71853928341041	7.7752368341211	7.85531879516921	7.35042175949715	8.14062218947165	7.00221035082884	8.19378202194062	6.90386064097811	7.34570896019013	7.94284246703719	6.36531241382703	7.25815496411978	6.42160856909085
NFAM1	5.95349341093294	4.14875604753219	4.67592389619274	3.41849922412985	4.39885386099286	5.56353309485192	5.61499135913048	5.55081183767234	2.84923741556488	8.39588717653192	5.98983204424068	2.91355328092573	5.96826301890551	6.81527039868689	4.61697949318995	5.14840751981651	7.10549280468175	5.40838113571892	5.53153131417503	4.19212672296808
NFATC2	11.0034577883343	10.6153423852514	10.9497824855631	9.82600305072329	10.099293579134	10.6183815718475	10.4569644780577	10.5728755733383	10.540631994103	10.5278559436305	10.1297623053852	10.8050608438349	11.0175065379254	9.034715535973	9.94753789322075	10.8884790248505	9.91738688635452	11.4063907536499	9.74469340945794	9.54481707162613
NFE2L2	9.41013181467856	9.64860193461539	9.65999589106501	9.31196930397605	9.86736477354102	9.21199853787924	9.30429051966637	9.60772787728547	9.22601398744786	9.70995315364631	9.219837649687	9.88143450642339	9.75419546221999	9.17784047807159	9.50255385756138	9.78428197392976	8.50184574069566	9.09570535406975	9.96098787336684	8.66953608253443
NFKB1	10.7542556556801	11.9883535305534	10.6618427379665	11.4845884145876	11.6478355908084	11.2511537269368	10.8795277901295	11.4253932406834	11.8554232155112	11.1611912946407	11.4052869296185	11.7670046175728	11.3594895569133	11.0631979121305	11.6993414627474	10.7972299624846	11.415169769667	11.0766404481109	12.1988963386439	11.2537539664438
NFKB2	12.1340374433953	11.4582324013733	9.52716646225134	9.66853440053543	9.78159795706482	10.1156642031057	9.37201460563794	11.0120389699713	10.8693839886767	9.09873741326369	10.6372460534286	10.2630858372077	12.1260510411834	11.69581599911	10.6718279701856	9.17306957405078	10.8976132130442	9.7153809890789	10.6666908974567	11.8608894708402
NKG7	13.3257564701852	11.4858203862169	9.98807097028752	8.8335367234087	9.33745331632872	12.3152110405395	12.1927222906206	9.75115623499251	9.34109051189455	13.6569600660324	11.2165118239802	10.6076736939965	12.8396060358349	11.2840398819035	11.0685203262078	11.5577984559542	12.211863295978	11.2157360577765	11.8513109424838	10.3764891076342
NKX3-1	4.8583361778926	3.60818766616948	4.22135803272726	5.33603706393788	4.22892885955055	5.08960190651951	4.61499135913048	4.68291537367969	6.19973466264901	4.3317568391122	4.10941365999336	5.00871051396607	5.20043646103454	6.6401836921288	5.18257666904418	4.09778144674654	6.35787996631603	4.02135801260967	5.26849690834124	6.11550544136517
NME1	10.7912219820341	10.370343168797	9.28664949297898	12.6094213068672	11.1947131442126	10.4694615730251	10.9928092122141	11.8930996495873	11.6868653487363	10.1023456561805	11.2559244809814	11.0442408363956	8.68098106682504	11.3707360021635	11.3073965887224	7.54781436738159	12.1434434339147	10.1522255382706	12.5735814930652	12.0101027607823
NOS2	2.39890455925531	3.3186810489745	2.27382545262139	2.5705023175749	0.228928859550548	3.9196769050772	0.971135169355753	1.36098727879232	2.33466424273512	2.67968014253251	2.97191013624342	0.454121662288431	3.1609080968479	5.93391489518551	1.97312330341523	2.8753890254101	3.60299246415256	2.64284638935594	4.22667673264661	1.33414572784051
NOS3	2.39890455925531	2.47068414241955	2.05143303128495	2.5705023175749	3.55085695443791	-0.0803230949228038	0.971135169355753	1.36098727879232	3.33466424273512	-0.127674779525096	2.64998204135606	-0.545878337711569	1.99098309540559	4.27094988246308	2.97312330341523	3.09778144674654	2.60299246415256	3.64284638935594	4.04610448700479	-0.665854272159493
NOTCH3	3.56882956069762	2.14875604753219	0.46647053056379	7.66642673757344	1.8138913602717	3.9196769050772	2.55609767007691	5.29172461635521	1.84923741556488	4.3317568391122	3.64998204135606	2.62404666373074	1.99098309540559	6.07830480452068	2.29505139830259	2.29042652468894	2.01802996343141	1.32091829446858	5.99719488652384	6.19212672296808
NRAS	11.9876191948376	11.6300509521633	11.261292503895	11.6322785151616	10.8655534800942	11.6522683410422	11.9314991782336	11.925374974845	12.0787772733044	11.0945163589312	11.0939615839573	11.0063104218456	11.9276210344082	11.7069673206461	11.8572938225237	11.3845042103608	11.8160966837945	11.2501767031056	12.0984913971168	11.1511293510959
NSD1	10.3818981339496	10.3931198826527	11.1897048314572	10.1984009334466	10.3710359168531	11.1568868658322	10.24725957463	10.9369991529991	10.7645192814325	10.6988737077658	10.5149419564987	10.6865425894645	10.990278482429	10.2558429900729	10.144300101067	10.6998174608266	10.5821794534171	10.4163153172611	10.0934102017831	10.3948416595281
NT5E	5.25688555438288	5.05564664314071	4.67592389619274	4.8335367234087	4.75249081560756	5.80231995443904	5.05859801060609	4.60891479223591	4.84923741556488	4.82652153086178	4.77926505830102	5.03908416300959	4.69142281354668	7.44087488390539	5.10240632036019	5.41970954163391	4.97222627381828	5.56884580791217	6.20530308185404	4.54359909346946
NUDT2	6.89075765558498	7.52379547887911	6.85017482303784	5.15546481829606	5.72078195588022	6.20507912393944	6.65763569653897	5.57044064442127	6.80343372595175	6.50168184055451	6.77926505830102	6.16836717995455	6.1609080968479	7.04353938636	6.71459028981637	6.63027652757356	7.02925721885466	7.82076418155179	6.72417639211743	5.7935773464778
NUF2	5.60835792488426	6.52379547887911	4.82402253518187	8.2372589094597	4.92936857769164	5.67456440724066	7.42234628118808	9.09569689901816	9.14201916479272	7.7488421670399	7.88360171811576	9.3700010411242	5.38330051818435	9.61672471930481	6.65962383059844	5.29042652468894	9.13437392466888	5.49084329591089	10.2684969083412	7.93405857002763
OAS1	11.9997466736426	12.2572805043104	11.8124301269679	12.7466754666824	12.3507861051632	11.1586786628428	11.7033025950191	10.5898059692882	12.1541590851466	10.5116659291271	11.4313417548807	9.51211338504761	11.5412489022743	11.635814092501	12.3361629336717	9.83732098457658	10.6419114534449	12.0325852680329	11.2832347606632	9.99948164502568
OAS2	12.2669554130005	12.4723738108238	11.7576412298856	12.737669538101	12.5044714156373	10.9196769050772	11.2617300574383	10.7157876231429	12.4758590679232	10.0793395406524	11.7174164021126	10.3011790083798	11.7167753668997	11.5361742193877	12.1898691616105	10.4093675974124	9.06787851288197	11.2874237463743	11.1972056141554	8.74353666397821
OAS3	9.26618329896497	10.0129421921865	9.96531973709551	9.85775296082952	10.2499087984548	9.86658317953359	8.31543107727157	9.52589420546801	11.3860674206129	8.54121020474115	9.50173108277212	7.18204211685163	9.74753941792968	9.45417170651885	9.25157276163571	7.24462283507581	7.68336588061658	7.9647744842433	9.40365649162287	6.89638815206158
OSM	5.44329867861376	4.39668356097577	4.89273528526589	3.41849922412985	3.68836047818785	4.08960190651951	3.43056678799305	3.68291537367969	2.98674093931481	5.08177858610385	3.64998204135606	3.15456138042952	5.6056929395208	5.85591238318423	2.78047822547283	4.37788936593928	4.87601095855898	3.90588079518974	3.46114198628363	2.7935773464778
OSMR	1.98386705997646	2.95611096958979	1.05143303128495	2.5705023175749	1.8138913602717	3.82656750068571	2.77849009141336	3.06142699693342	4.8848613252956	2.67968014253251	2.23494454207721	4.40831797267531	1.99098309540559	6.54396837686949	1.55808580413638	2.29042652468894	3.33995805831877	1.32091829446858	8.40600043209117	1.33414572784051
P4HA2	3.20625948131291	4.39668356097577	3.16691024870488	4.24857422268754	3.8138913602717	3.08960190651951	5.32868717397384	4.2189682739199	4.43419991628603	4.39588717653192	4.55687263696458	6.43140158578835	3.1609080968479	4.85591238318423	4.06058614466557	2.29042652468894	5.50988305976108	2.32091829446858	5.30913889283858	3.65607382272787
P4HB	11.1679158803523	10.4341582663944	10.4466101082029	11.2813087512743	10.67704516496	10.6175132630396	11.1491774982206	11.3888932753622	10.9313864569187	11.9932110632627	10.8757919819796	11.0277688497818	10.6248865047541	11.0213777364358	10.6657388051098	10.5723565516444	11.6708749364334	10.2910241850808	11.2536069462636	11.2908848728996
PA2G4	11.2118840305068	11.0653819697434	10.9492784872905	11.8646635362697	11.345272820788	10.5462985574356	10.9304126750763	12.3287539065868	11.4984935930822	10.8517504158064	11.0646672771633	11.5080475438195	10.4318522630165	11.5029710049973	11.1935016311105	10.6224630730506	11.738701750257	10.786484699278	11.9561975146517	10.7718978001641
PAK2	11.5028479891469	11.5199881759018	11.6282322738685	11.2730213467282	11.4069711884154	11.2353925630994	11.9267850768841	11.0003279874446	11.2675117094454	11.530983012601	11.3108693116586	11.6672258819303	11.3939951189806	11.1798428309827	11.2911011258223	11.3831836656088	11.523841517351	12.1601220825655	11.134274358429	11.02414369926
PARD3	5.64683207269889	2.73371854825334	6.33683525014719	2.24857422268754	3.8138913602717	7.3290678412149	3.29306326424312	8.15864880464608	7.57715787012808	3.572764938616	7.84965438619242	3.03908416300959	5.12026611235056	8.40023289940804	2.78047822547283	4.81398848074595	4.01802996343141	2.90588079518974	7.13921389139627	7.70483313464772
PARP1	12.1724559056838	12.370343168797	11.7779350460122	12.3518620310996	12.7632317420052	11.7521713894133	11.3575365929965	12.1574325378542	12.5710201840247	11.3152687163236	12.3838447610346	11.7311184015856	11.8083665233028	12.5196681303967	12.1024063203602	11.4603515261313	11.7080279348509	12.2586599145457	12.8620214225658	13.3767456095534
PARP2	7.85011567108763	8.75978084483954	9.10128158073551	9.32538981973837	7.95002804825773	8.35846875765546	8.92533147974263	8.68741676591463	8.03113505867327	8.36417831680458	8.44114492991108	10.3587562839566	7.48283619173527	9.53773642315798	8.62417499459415	8.49499766893814	10.0733123989326	8.23978153174317	9.11935346903543	8.41629476919438
PARP3	8.18680711864674	7.06761928480678	8.15297105774701	8.40339233173964	7.18312516993742	7.62703603715808	6.61499135913048	8.7724982668044	8.86715932356214	6.71781527141928	8.54782749736157	8.02397727061938	8.30839570917046	7.9148060722378	8.8311042985428	6.24462283507581	7.22748332906036	8.47066541397326	7.50553610564209	7.58681116029076
PARVA	3.20625948131291	2.14875604753219	1.46647053056379	0.248574222687539	1.22892885955055	3.50463940579835	1.55609767007691	2.68291537367969	1.84923741556488	0.872325220474904	1.23494454207721	3.84643908506719	2.7983380174632	6.6401836921288	1.55808580413638	3.99086624283003	0.0180299634314078	1.90588079518974	6.81163923336777	0.334145727840507
PBRM1	10.1736916188565	9.57292233635029	10.5612080356119	9.72430765365394	10.1787555703097	10.6961099375219	10.1572494088974	10.6330338031823	10.7183685352092	9.85531879516921	10.2169874116031	9.56916531245014	10.1992174537454	10.173827415565	9.69422249212241	10.0685036542243	10.762863800931	9.54973698496446	10.4395664517245	10.2751933341811
PCNA	9.35890649132339	9.36550190572749	9.73091313079039	10.4420995831888	8.76420423617135	8.67456440724066	9.87652217437388	11.0160707239903	11.8963613276789	10.0756732234547	9.83237639476059	11.0952702596997	8.23891060884918	11.3280390746699	10.2642940027371	8.38318366560879	12.4687257350043	8.71323571724734	11.9291550197872	9.93405857002763
PDCD1	6.1268250138185	4.39668356097577	6.62634186734218	6.49650173613112	4.47685637299413	5.56353309485192	7.84765211592075	4.11587478095579	6.7561280111734	6.77921581608342	5.89790955479964	7.4428063490606	5.6056929395208	6.93391489518551	4.72801080557869	4.74985814332624	3.47746158206871	4.40838113571892	6.99719488652384	4.69169773245859
PDCD1LG2	5.52818757620027	2.73371854825334	4.11032672033851	3.05592914474514	2.8138913602717	4.08960190651951	5.1805885349847	5.77037821493003	5.91962674345628	2.45728772119606	5.60417835174293	5.5626461190666	3.69142281354668	3.68598738174192	4.29505139830259	3.6123546195763	4.01802996343141	3.78034991310588	8.70526792956736	2.14150064989811
PDGFB	4.20625948131291	4.14875604753219	2.78839862545115	2.8335367234087	0.228928859550548	3.7270318271348	3.55609767007691	1.94594977951348	1.84923741556488	4.19425331536227	3.64998204135606	7.312102657416	3.89787369101411	6.07830480452068	2.97312330341523	3.46035152613125	2.60299246415256	3.78034991310588	5.42461611025852	3.24103632344903
PDGFRA	3.20625948131291	3.14875604753219	1.78839862545115	3.8335367234087	3.22892885955055	4.08960190651951	3.29306326424312	2.16834220084993	1.84923741556488	-0.127674779525096	2.64998204135606	2.62404666373074	3.31291119029295	6.32984357151665	3.29505139830259	3.6123546195763	3.60299246415256	2.64284638935594	5.18360801075473	2.7935773464778
PDGFRB	3.8583361778926	5.10295235791906	4.16691024870488	6.49650173613112	2.55085695443791	3.7270318271348	4.43056678799305	4.57044064442127	6.74647784113968	4.26464264325366	4.40486954351953	4.94597475861811	4.63483928518032	4.68598738174192	3.67356302155632	3.74985814332624	3.82538488548901	4.71323571724734	7.48794204562735	6.10233005261743
PDK1	9.33259521420754	9.19315016689064	9.74375793069415	8.32003658524416	9.09929357913395	9.73506020089073	8.6470922022975	9.45374441971218	10.069373862961	9.23207478079723	8.57182297843055	10.0182711522742	9.56273573890914	9.29331769549153	8.31741921133104	9.58044537162156	9.92942195127487	8.72605975760492	9.12505582839961	9.2737249421552
PDLIM5	9.24439461019968	10.0435738108401	8.27382545262139	8.28199722422499	6.20620878305046	9.3852433098866	8.51802962924339	8.92894335420779	8.03906197444489	9.63719681121099	8.80985337813445	7.18204211685163	9.31516364202433	9.08686681802411	9.39938805811732	8.74985814332624	9.53175755938384	8.6607682973532	9.23987623040147	7.52397028672052
PDPK1	10.6633471594819	10.3398152620638	10.3096064416751	9.68944339029841	10.3633551797715	10.750192112054	10.465990753847	10.2489694118508	10.265401580298	10.8359438379189	10.4131944081705	10.0010161221761	10.382226684833	9.85591238318423	10.5074261858699	10.7250547523257	10.1173777738346	10.2263052994867	10.0095786109797	10.2037395710813
PFKFB3	7.11315007692143	5.7634658916474	6.71439804400737	5.97649467725074	5.68836047818785	6.70103661860186	7.30205204747037	7.09569689901816	7.65659233762248	8.65040235001026	6.61576632601814	8.86351259842613	6.97966778217776	7.49334230379952	6.18257666904418	6.64797852930702	7.95466790243398	6.47066541397326	8.07585183039884	6.07561271424165
PFKP	11.2373206350526	8.33363139044047	10.8763917718135	10.7434298071787	9.26510247210403	11.2522729628664	11.4135603626874	12.1114849208914	11.0246622141546	9.3006853931792	11.4605536760972	11.4388961223353	11.0001118849448	11.5988767179719	10.5850702452352	11.6452268690395	10.9480280260404	10.6540736447792	10.6657131305328	11.2645134752795
PGF	4.72083265414267	3.3186810489745	3.16691024870488	4.5705023175749	3.55085695443791	3.50463940579835	4.29306326424312	4.00484346856705	3.84923741556488	3.8723252204749	3.45733696341366	4.03908416300959	3.45041471404289	5.77345022299226	4.22105081685881	4.19731712029746	3.82538488548901	3.12827321652618	6.22667673264661	2.50407072928282
PGK 1.00	12.080582214465	11.2309050888861	11.154720839697	12.2795861301252	12.0938887746931	11.4966335697833	11.9066685823065	11.9260893571526	11.9161338587011	12.4810420744955	12.0468543598666	12.1382127688175	11.5017472633235	12.0413384781667	11.8588196767546	11.5548691249155	12.1737969018771	11.8371107723479	12.6504723868985	12.169406646468
PHB	7.25688555438288	7.17112386056064	6.9978519910801	8.20857615475562	7.39885386099286	6.57788838782899	6.52572402103339	5.75330470157108	7.6871806574559	6.26464264325366	6.93538426021831	6.92985509325483	6.69142281354668	7.46734709526658	7.54297891174617	6.44017364419362	6.6904553054029	6.36531241382703	6.9073982161732	8.02763268533983
PIK3CA	10.4943015820479	11.8176410317984	10.9042226028874	10.435926295888	10.9929710768571	10.5912179717891	10.595930625216	10.4357977399528	10.8810075297256	10.4459724079682	10.8336174228293	10.9986031845992	10.8199129230571	10.5898692274781	10.769162912245	11.2300057390036	10.6654883898863	11.7424572013169	10.1349810422741	10.9561975472969
PIK3CB	8.26926927883871	9.41319864775879	9.20793751696494	7.81081664690861	8.05547734684146	8.00182594643107	8.03183110104331	8.45638430158488	7.96610117325578	9.95713360827927	8.08877389393432	8.73489243241903	9.09689160397675	7.68598738174192	7.58045361716484	8.99086624283003	8.86038030684522	8.48078963124697	8.22136293275014	7.55331424830267
PIK3CD	12.709801308053	12.2576071645723	11.8185139563592	10.6779809642015	11.2471290383638	11.4593204113152	11.7272744677287	11.0923063098174	12.044732662074	11.823245572505	11.8778987655575	11.1449926715807	11.7150705571996	11.6416372892703	11.6241749945942	11.6822071307021	10.8899352010906	11.4674869702094	11.4228810588878	11.2444136836513
PIK3R1	9.76303921426336	9.71099847175326	9.59575354750876	9.82032686619108	9.6061393899391	9.89838736418355	9.55797495731758	9.72730949303814	9.63713997495631	10.0658505809761	9.43788460074749	10.0605268749862	10.5252859778602	9.06102681308884	9.68048243549611	10.2092897619635	9.37338105985622	9.74298306064139	9.63106698772595	10.6143365200574
PIK3R2	7.20625948131291	6.84919576567328	6.98217036884783	6.31466341314531	7.06181887371529	6.73985586749238	6.65763569653897	6.50053863119112	7.59877168323414	6.77921581608342	6.87880073185194	6.85500109857062	6.88580085871353	7.49334230379952	6.38251423955293	6.86028213301989	7.58788557176236	6.82871293466728	6.34866725702522	6.90400133617146
PIK3R3	5.60835792488426	4.47068414241955	5.11032672033851	7.63227851516159	5.13581945515907	5.37910852371449	5.90187250691864	6.41626971429351	6.14201916479272	4.67968014253251	7.56884527863065	5.12654700425993	4.57594559612675	8.49334230379952	6.44885673438162	5.29042652468894	8.65827489965375	4.2278088900771	8.42923273832889	6.84984556612455
PIK3R4	9.31478393809108	9.85783986008253	10.3620458129445	9.450698046518	9.95002804825773	9.68951474870664	8.99627473163426	9.57165862257795	10.2449857437439	9.3781367743945	9.34346899885538	9.81387122261076	9.5086524835394	9.62850188708116	9.58599180070627	9.40416869073813	9.22015378726187	10.1866515653203	9.38714140483986	9.48896383689261
PIK3R5	9.78907351545549	8.68403142415299	7.56450261352432	6.24857422268754	7.28421129505174	9.74145088704776	8.58215996666311	7.74900456413746	8.13833411798487	9.81776905685282	8.45411306253938	6.41990594695052	8.8888285514111	8.82553873414071	8.18257666904418	8.01152571339613	9.4957882298753	9.17889928959615	8.00340003605055	9.46985501394491
PKM	12.7660462538077	12.3098879305165	12.4038443507559	14.1276787918351	12.7094666426524	12.2356755277058	13.5001996346759	13.0136082134305	13.929188799774	13.3271385689874	13.1575289447909	13.590151511674	12.4114697082314	12.9533593130072	12.9434089803123	12.0573694654447	13.6668369131572	12.9152428983934	14.2845888430646	13.6801746029808
PLA2G4A	5.20625948131291	4.05564664314071	4.46647053056379	3.5705023175749	3.55085695443791	5.08960190651951	4.67157488749684	3.06142699693342	3.22774903881861	6.76714298378285	4.45733696341366	3.36101225789695	5.07844593665593	7.30069722585713	4.55808580413638	4.99086624283003	5.50988305976108	4.71323571724734	6.22667673264661	3.14150064989811
PLAU	5.04276074903003	3.60818766616948	6.89273528526589	5.8335367234087	5.78351771122819	3.7270318271348	2.77849009141336	4.06142699693342	6.79409586137242	7.16694596936653	3.89790955479964	7.06145197603804	4.31291119029295	6.38642709988301	5.06058614466557	3.6123546195763	5.30343218229366	2.90588079518974	9.78487232380498	3.91910822856166
PLCB3	6.01361440337051	6.7634658916474	6.74259493583803	6.90678570543933	6.06181887371529	6.39541033604359	5.94841509285567	6.72730949303814	6.84923741556488	6.6002456750381	6.00753404597414	7.11233314504023	6.33083309829022	7.77345022299226	6.88001389902375	6.91978314476855	7.46924107526374	6.71323571724734	5.66277584745329	5.06206618240371
PLCG2	12.8721029429328	11.3576000382668	13.7011382967564	12.9798932537126	12.6554557080023	12.9310788949573	13.573718057442	12.843795235519	12.6167598017934	12.4835806091742	12.8762436946716	13.0496122688961	12.7856020295357	11.8881112055724	13.2766186802056	12.6078391384538	12.6719946066804	13.2575562334712	11.9015959301067	12.5126549734927
PLEK2	3.72083265414267	4.05564664314071	2.46647053056379	2.24857422268754	3.03628378160815	3.50463940579835	3.14106017079806	3.53091228023464	3.11227182139867	3.572764938616	2.23494454207721	2.77604975717579	2.99098309540559	7.07830480452068	2.97312330341523	3.74985814332624	3.60299246415256	2.90588079518974	4.59864551003357	0.919108228561663
PLK1	6.30579515486382	5.10295235791906	5.55393337181413	9.37527869553073	4.62124628232931	6.06942402458188	6.60049178943536	8.85684230567949	10.2424133299137	8.68289685521605	8.10530926166062	10.519537796965	5.27638531426784	10.0868668180241	7.41606679926395	4.6123546195763	9.86195101472044	5.02135801260967	10.3413377152267	7.43743353625253
PMAIP1	10.5074290160335	10.4605043625371	10.0036889311024	12.0599489161975	9.85098067900692	10.8228055818895	10.3483456997443	11.6047563107542	10.0390619744449	9.77470033496093	10.9735998046476	9.81277286318132	11.5359475281948	11.0783048045207	9.63490140118721	12.2230103939782	15.2749757362444	10.3096029812407	11.2019346585613	9.84094916563615
PNOC	8.66099940462548	7.1260359710321	8.35216690390318	8.2372589094597	8.1297956675313	7.97495934057839	9.96123913321325	6.72730949303814	8.21730729209696	7.19425331536227	6.85943540698501	7.29332545038537	7.69834222748647	6.85591238318423	8.53154401668389	7.55721306538384	8.29415436870565	8.97555432299655	7.39660173408892	8.07561271424165
POLE	6.79122198203407	7.04357381084013	8.32755743655918	6.84848706487467	5.98381636171402	7.58501282226237	7.79768365664667	8.64175804892293	9.00101507029693	8.76410892369321	7.81488896803175	8.73952388115068	7.38330051818435	9.54396837686949	7.69422249212241	7.34570896019013	10.2127868178537	7.15380830863332	8.55284182042045	7.9001997660116
POU5F1	4.56882956069762	4.05564664314071	4.11032672033851	3.8335367234087	3.55085695443791	5.64759735964039	4.29306326424312	4.40538139815078	4.52730932067752	4.04225022191722	4.04229946413482	4.09797785206316	3.69142281354668	8.11225213644402	4.43255492205252	4.53835403813252	4.01802996343141	4.12827321652618	5.09341020178315	3.24103632344903
PPAN	7.77394399060223	7.78538066807584	7.70487526988887	7.93507474987076	7.72877474663375	7.75888069317414	7.88402450558571	7.77883979367822	8.43720240444756	7.06214977935492	7.64998204135606	7.33063860885343	7.40037403154329	7.46734709526658	7.66661026091455	6.91978314476855	8.50586999725446	7.43985936719209	7.54009332767846	7.53381807267687
PRDX1	11.5656953099735	10.8851579788505	10.8300577770884	11.976069291713	11.4821854393317	10.0044852928816	11.2059526004731	11.6136527112426	12.1955295195664	10.4952921652654	11.5766486707033	11.4830637056108	11.1558900220813	11.925585910991	11.0216101774076	10.9170481770473	11.9185194482661	11.1687586500993	12.5847461104246	11.7554216331311
PRDX2	10.7922950166993	11.0214309278028	10.7850133402665	11.2457537036252	11.4974708598507	10.141264026342	11.223800601806	11.3729133450991	11.4149107451862	11.2370070763395	10.9747251518505	10.5632993656437	10.5426913570263	11.442543704266	10.5711758035768	10.3778893659393	11.0699186193368	7.42944275124675	11.5965947704688	12.1583089375847
PRDX6	11.2899287494048	10.4225516467465	10.8306051855718	11.4549781366614	11.0530920692947	10.4402955856335	10.9512747469949	11.2935711480816	11.1819453492055	10.8474566773962	10.8865942415718	10.8034028911059	10.9261481450093	11.517294625544	10.4819084654797	10.7344060672902	11.3074725391197	10.389696572454	11.3022345309771	11.2148771629822
PRF1	9.53589567133553	7.61636159761518	8.45231246756713	6.49650173613112	8.17729609113523	9.26840505930827	8.79768365664667	8.12585886952841	8.79643599982693	8.51257015669725	8.38130107238112	8.46255028435901	8.97112267304475	8.09537831787962	7.82487234483128	8.11697501197985	8.26595747687499	7.78852384455158	8.11075744534704	7.92660276510859
PRIM1	9.36468884391739	9.09712327911686	10.9130369396299	9.57724915001549	6.97039584595169	8.77454528833743	9.18788102755106	10.6289443631952	10.5266047077009	9.42499431798918	8.95832107149547	10.5060103181938	8.64203478658452	10.2405762334196	10.0445856659718	9.07832908408037	10.6419114534449	9.60400664749258	9.22667673264661	9.13504562776081
PRKACA	10.6691998857273	10.4456722544115	9.99199133965886	10.3426519083594	10.015198487199	9.98845518306261	10.3730812933323	10.0631599641579	10.3045646358694	10.4007793312397	10.3590658539064	10.0201757004595	10.1609080968479	10.417306412767	10.3196370365809	9.86974246226895	10.7331339726676	10.1298824693878	10.0018512489551	10.1583089375847
PRKCA	6.01361440337051	4.54107347031095	4.55393337181413	3.70800584132484	4.22892885955055	6.31199432785596	5.29306326424312	5.4270764692501	4.65659233762248	6.67968014253251	4.93538426021831	5.00871051396607	6.25776963610049	6.85591238318423	4.88001389902375	5.74985814332624	6.92492055903993	6.15380830863332	5.53153131417503	5.72646315061927
PRKCB	13.5993434388533	13.2743309565029	13.2583456350285	13.1156598693044	13.201729194775	12.9096035356371	12.8343535169382	12.487046394863	12.4914696597779	12.4417061799972	13.0855220892828	12.4564092806895	13.7093019058849	12.9261824357218	13.0769028558669	13.8432156817082	12.5852730687108	13.368383067787	12.6152005822669	12.7615895296337
PSMB10	11.4763879161148	9.85611517961307	10.5053895198561	11.1569668434613	10.8889247519805	10.7075794644686	11.0965486398391	10.6347828780066	10.4536053154586	10.3266245140948	10.9061907298834	10.1141175547184	10.778885654797	9.80492845446543	11.1043372085015	10.3524726624094	10.0705980142356	11.1128951153673	10.3620087942644	10.3641230744301
PSMB7	10.9829274995128	10.6908205898156	10.3643159865693	11.4008590649941	11.1918248648878	10.3490836465912	10.7134446054398	11.1212914040787	11.4513795062629	10.5908580965441	10.8775979847703	10.5879060714683	10.642931706129	10.8331923066841	10.6357916789328	9.91064635019643	11.1734806947435	10.4820501774529	11.3977799252862	11.0756127142417
PSMB9	12.5578297630623	11.0934681085757	10.8096562460117	11.7023592781837	10.9474617356198	10.6501470422614	11.5381405396028	11.0596919455627	10.2406958356145	10.7256347758786	11.0042314233013	11.4256652162392	11.118977416382	11.4574768512425	11.7031688062944	10.9951947640515	10.0637896248141	11.843990121409	11.0824612872978	10.119598195999
PTCH1	4.64683207269889	7.21484523798996	6.54328612761462	4.8335367234087	7.98381636171402	8.51958974726432	3.67157488749685	8.2648691245285	6.80343372595175	6.82652153086178	8.10941365999335	1.03908416300959	7.86750004197059	6.93391489518551	9.08164776019339	7.38845860764947	7.26595747687499	7.32091829446858	8.23197103231612	7.91534630976546
PTCH2	4.30579515486382	4.73371854825334	5.46647053056379	4.6408916454663	4.13581945515907	3.9196769050772	3.67157488749685	4.53091228023464	4.7752368341211	4.45728772119606	4.29383823113078	4.84643908506719	4.94517940579247	6.59287797735044	5.10240632036019	4.37788936593928	4.97222627381828	4.2278088900771	5.38714140483986	4.28834203822738
PTEN	10.2723486717707	10.4513949713197	9.98118458470228	10.424747371795	10.3030703223031	9.50839154065946	8.92241988432272	9.39165441503927	10.1566659407571	9.94512775501911	10.5508488493368	9.20733841146739	10.3196580227335	10.0169042598565	10.1317329916297	9.99086624283003	9.4774615820687	9.10227800799324	8.97841767949322	9.64816243174186
PTGER1	3.98386705997646	3.47068414241955	2.27382545262139	3.41849922412985	3.22892885955055	3.7270318271348	3.43056678799305	3.26787787440084	1.52730932067752	3.45728772119606	3.23494454207721	3.03908416300959	3.31291119029295	5.85591238318423	3.29505139830259	3.99086624283003	3.18795496487372	2.64284638935594	4.04610448700479	4.08903323000398
PTGER2	8.34727179083998	6.87667650209539	6.27382545262139	6.20277053307441	6.15966619711343	7.82656750068571	7.82288421077181	6.93084288712327	3.52730932067752	9.55356363225271	7.34346899885538	4.09797785206316	8.07313213675946	8.31534400182153	7.28600625869958	7.6827439474677	8.20290530633969	7.6607682973532	6.36803258189215	6.70046794208632
PTGER3	3.72083265414267	4.23621888878253	3.6363955320061	3.24857422268754	2.55085695443791	4.24160499996456	2.77849009141336	2.36098727879232	2.84923741556488	3.8723252204749	3.10941365999336	3.36101225789695	3.7983380174632	6.00791547662928	3.43255492205252	4.6123546195763	3.7184696815725	4.2278088900771	3.94656881345388	2.91910822856166
PTGER4	10.0463629857102	8.04962285551294	8.91148537643221	8.53397644154979	7.64678137443645	8.58856188934344	9.72602267151922	8.39165441503927	9.63974882745907	9.13911176116981	7.96739465512093	5.97768361834544	7.74587059756906	8.25584299007287	8.39938805811732	7.16079124427234	9.04869709967835	7.6518351725832	9.57800574397453	6.71785002031456
PTGS2	8.91460439753935	7.25728050431036	8.51903858136794	4.15546481829606	7.38880019632894	4.08960190651951	5.01552928871421	4.64638949765457	4.11227182139867	10.0781184698721	5.98983204424068	3.97768361834544	7.5223645559219	6.68598738174192	4.78047822547283	4.8753890254101	8.14731298037638	4.56884580791217	5.81163923336777	4.46342874478547
PTPN6	13.1685358166395	12.9948340337048	12.7212039198105	13.8834986878226	12.7937928497775	12.6304833387765	13.2666171430511	12.2009783493322	13.0756496083537	12.8481731884817	12.6277985819501	12.8799931870674	12.7395952721426	12.5283377251557	14.345716336556	11.6681793197112	11.8987613985731	13.7996879139443	13.0671769923997	12.40174814673
PTPRC	13.0993442773964	12.5639696462975	13.3320105013495	12.3280590065144	12.8306996479583	12.7936976727362	13.3899101656877	12.6096561185155	12.8596256508767	12.964917208279	13.2779718256718	13.0171987379883	13.0437209449554	12.8984837669359	13.0729642024159	13.246439602777	12.1579010266439	13.3427658111492	12.6793419299784	13.3377514779376
RAC3	4.72083265414267	4.79261223730691	4.22135803272726	4.15546481829606	3.68836047818785	4.50463940579835	4.29306326424312	5.36098727879232	6.19973466264901	4.8723252204749	4.23494454207721	4.09797785206316	3.45041471404289	5.27094988246308	4.78047822547283	4.09778144674654	6.54159191948842	4.32091829446858	4.53153131417503	6.66506260595512
RAD51	6.28154760861715	5.7634658916474	5.27382545262139	8.05592914474514	4.75249081560756	5.94204471810565	7.8103389574527	9.41083582824289	9.55935504760832	7.53766113766008	7.72679763840689	9.61146859765127	5.1609080968479	9.16172081270832	5.8311042985428	4.74985814332624	8.86665290386075	5.12827321652618	8.54009332767846	7.1543246902557
RAD51AP1	6.70268530743241	7.00673704265976	7.081180374679	8.09406427363191	5.58648086416863	7.25952690796182	9.27947419949516	9.81013592416776	10.2813616882064	8.03723214715059	8.38807430097655	10.0943665985108	6.49877773560429	10.4574768512425	7.95611687810954	5.8753890254101	10.2504508906075	7.33214554989183	10.3166334293855	8.26488306540339
RAD54B	5.8583361778926	7.23621888878253	7.44375045406371	6.5705023175749	6.5143310784128	6.16760441852078	7.04795076640658	8.25580504210027	7.98674093931481	6.8723252204749	7.23494454207721	8.88038641699053	5.69142281354668	8.61672471930481	6.44885673438162	6.64797852930702	8.04593596000129	5.84448025052559	8.4790638942809	6.45308680056401
RAD54L	3.72083265414267	4.14875604753219	2.46647053056379	6.72430765365394	3.55085695443791	4.16760441852078	5.67157488749684	7.2976252177949	7.74162844147828	5.95978806172524	5.81990704279837	6.99328047339646	4.23891060884918	7.11225213644402	4.88001389902375	2.6123546195763	8.09484556048224	3.78034991310588	8.2106762539529	5.24103632344903
RAF1	10.3399521655959	10.671337578787	10.6463796205787	10.3557912982789	10.4744815658062	10.8007908657523	11.0492859770904	10.6005858080414	10.8016874739239	11.0975326574184	10.7786208542087	10.7162165076586	10.6992048254439	10.6401836921288	10.6657388051098	10.8402111926368	10.8437837963145	10.8581366950072	10.8840477288958	10.7408822105322
RASA1	10.1884382042257	9.44107768033423	11.2408458033659	11.0026265902165	10.7544496686456	11.5517633179124	11.1042773817564	10.755985793294	10.6681390914505	10.9650823613948	10.8478130393683	11.2996117132328	10.8812473724267	10.3584127237134	10.5942594166899	11.0157927825846	10.4242349688503	10.6981288248571	10.3290384502763	11.3802465728693
RB1	12.4504533976957	8.48414640222611	9.0848560328224	12.7718911350003	11.8573743996877	12.2314252200822	12.4579701909188	11.4301013405663	11.7776077385838	10.6885089019072	11.8673339466264	7.6684407830892	11.6814176518006	8.27094988246308	10.3835746549192	11.6004712043364	7.6904553054029	12.4225657444993	12.8671343459595	11.2190793757903
RB1CC1	10.3932579961142	10.6224617971516	10.7108343656843	10.0703482046581	10.482776344538	10.9627041886717	10.3889876842417	10.2618540867731	10.5873296751854	10.8402719262876	10.3215231080679	10.3914954824806	10.8103638862702	11.22514619285	11.1069077125951	11.170775332845	10.0651538755454	10.521816899507	9.78126558432425	10.5581474020386
RBBP5	9.75425565568012	9.71861165586313	10.0765725935635	9.69358906855596	9.83255520453674	9.50651669303902	9.27947419949516	9.48122515613428	9.93245078381386	9.31526871632363	9.48603239641413	9.82480906909565	9.23177442756755	9.6343546133266	9.64200828768147	9.27342009938325	9.24203163762951	9.71752307565044	9.74839262953825	10.2477831558896
RBL1	9.01361440337051	9.42255164674645	10.1237889801451	9.65796515882524	8.2401561149738	8.49332409257052	9.47694672327535	10.0289858144649	10.2713021817377	9.2901777353608	9.07414833017416	10.4428063490606	8.99379811101264	10.5928779773504	9.27003951029451	8.75803207477194	9.30111831645541	8.26343279980782	10.4600144402779	8.36205172441039
RBX1	12.6586478229461	12.6883995537702	11.9792109933673	12.5480684616969	12.1655667985531	11.9506888125149	12.5312291269982	12.3767507661622	12.6867076685306	11.9736443748982	12.5042660615323	12.1074146076712	11.9408098061647	12.3967938154413	12.4108753757388	11.4338097386788	12.4975576326878	12.1668003288526	13.0237660253835	12.9062537879028
REL	12.170806639953	11.908644230754	11.8124301269679	11.2874932119798	11.935856499168	12.0694240245819	11.4068054302923	11.6227883859876	12.8977242895572	11.6917060113395	11.8548588089601	12.2662989678029	12.035377214764	11.2671879636669	11.6097479239589	11.7421527927634	11.6780258558614	11.5557357255859	11.9376856924979	10.7604104825426
RELB	10.5256090320985	11.0978532032614	9.1721029179252	9.72227997230696	10.2855665746637	10.5965155115513	9.88252715719921	11.2787322922355	10.329017679594	9.30277777214044	10.656308119881	10.1760752750898	11.2959047649873	11.6107998853477	10.5025538575614	8.76615995565534	11.1226287169958	9.91897079463018	11.573842119033	10.8503382057199
RET	3.56882956069762	3.14875604753219	2.78839862545115	3.05592914474514	1.22892885955055	3.62011662321829	3.55609767007691	1.94594977951348	1.84923741556488	3.8723252204749	3.35042175949715	3.15456138042952	3.45041471404289	5.93391489518551	2.78047822547283	3.8753890254101	3.33995805831877	1.90588079518974	3.94656881345388	3.58207324128409
RFC2	9.65156999170555	9.47518553465449	9.64389006855303	9.56824634363453	9.2317438751576	8.9196769050772	9.42851604842829	9.72073683911465	10.5413297909924	9.15077467869539	9.49075996495111	9.87723757243553	8.96252664935636	10.2405762334196	9.96464514949092	8.86028213301989	10.3240916528597	8.99687532741033	9.6803105067458	10.308560317646
RFC3	8.72533404637761	7.81409196471736	8.5406119933163	9.15846730645758	8.82511861569496	9.23934902602419	10.1119649401288	9.49541359901325	9.82880551566006	9.28806698876499	9.82240955000154	10.1871369839744	8.31291119029295	10.0213777364358	7.68048243549611	8.44524463374104	11.3539785286337	8.86395011472382	11.6027382646675	8.85378198068372
RFC4	8.76522677350112	9.65258178552794	10.3567348075849	9.79353865547678	8.37867597905523	8.84151784215169	11.1164305042894	10.4979783908726	10.8881564048572	9.22547204597299	9.98201858971771	10.3922309885077	8.7853989617557	10.3226120022856	9.57117580357683	9.95753806676397	10.7729174655949	9.56647100072426	10.5914551318271	9.54967872758616
RICTOR	10.9146043975393	10.7926122373069	11.6658361474218	10.8002824843082	10.7573829703153	11.4412773448009	10.4264623896603	10.912695540413	11.1661977029298	10.870210348304	10.4954720923004	11.1892545464284	11.4214356470711	10.8584148903874	10.5496076502121	11.142175566105	10.9531950130351	10.866848063554	10.0977666068273	11.370662798327
RIMKLB	6.70268530743241	5.50630805215027	7.05143303128495	3.70800584132484	7.11157190891239	9.00978932474148	7.12088228886044	7.57530639959309	8.60145078343002	7.87794976966878	8.79464028418794	5.06883150640364	7.82387310957033	7.66326730524184	7.9273196138021	9.66111393149616	9.12916563366612	7.23978153174317	7.90076512384075	6.94147604159012
RIMS2	2.98386705997646	2.47068414241955	2.27382545262139	1.8335367234087	2.8138913602717	4.00713974632754	2.77849009141336	3.16834220084993	2.33466424273512	2.8723252204749	2.23494454207721	2.26147658434604	1.99098309540559	6.85591238318423	3.29505139830259	2.8753890254101	3.18795496487372	3.90588079518974	4.783070081171	1.91910822856166
RNF111	10.5600364422396	10.682085779838	11.8035348692485	10.3778572396325	10.4957154002454	10.9884551830626	10.5151336194903	10.8806235316355	10.7876408392351	10.75343918115	10.4123640800664	11.4537693988168	11.0784459366559	10.4105012348619	10.6420082876815	10.869742462269	10.2371984838936	10.6872405087144	10.4934632733415	11.3320308556696
ROCK1	10.644457265511	10.228240831359	10.6813967185062	10.7374185691449	10.510858886506	10.5444723609374	10.6558837897774	10.3224369731905	10.4484064087843	10.6885089019072	10.4395156863264	10.549518685081	10.4203898369196	10.2212627583627	10.2527338844677	10.2861936755667	12.0045831131881	10.2663621308465	10.1078806845915	10.3142853054797
ROCK2	8.52302587108449	7.64860193461539	9.51359444267782	8.77995568320385	7.99711318432747	9.34803707778149	8.41821839556541	9.91269554041301	9.39304259152927	9.4759515654611	8.88838678068114	9.4054063772554	9.37684549604705	9.06969167421597	8.889002682251	9.10741014794432	9.66368839584012	8.62012631285586	9.25815496411978	8.67176762983302
RPA3	10.8072343000227	10.4213858325086	11.3225069303829	11.0948481340374	10.0744189104949	9.68786122985412	10.407846711493	10.6059456719435	11.5610764355239	10.1355944208476	10.3931334354686	11.1401844121838	9.98957352515092	10.8881112055724	10.74955633586	9.65237029842418	10.7245259814926	10.1679756405599	11.6769176393039	10.5623631701339
RPTOR	7.92246651531232	7.22557164458302	7.74259493583803	7.77213617874455	7.62124628232931	7.69446396467837	7.68538068702188	7.99034389887193	7.81732816761013	7.12025273391849	7.14982792843926	7.97768361834544	7.40883561029149	7.87581194062194	7.36544072619399	7.85266894891001	7.73227548109753	7.39773389151941	7.42461611025852	7.99948164502568
RRAGC	10.5825399407285	10.6020266815428	9.40457985678303	9.75834922701448	9.83625917330016	9.66786975466666	9.67157488749685	9.50437049278214	9.69472746650925	9.71624627176394	9.52496338900983	9.11945757947361	10.0063981477923	9.79451183852009	9.89941929819634	9.54072494259527	9.20785452231143	9.87742434914051	9.74469340945794	9.77916057370893
RRAS2	11.2420404703667	11.7808424603674	11.5432861276146	9.35709867946571	11.53726788969	11.4343909592157	10.3374573836016	11.8707622831193	9.91317172131898	10.8453050065412	12.3410712275926	11.0952702596997	12.2188998196071	11.1206156093786	11.0665408678032	11.7098600753943	10.9561392896506	10.866848063554	11.4768357933888	10.4478878938897
RRM2	9.25688555438288	7.35820941316114	4.75187274942604	11.3636178728492	6.53270960772765	7.93648519276375	9.59866905382854	12.0620771036095	11.7594304047597	11.119065818968	9.17941259550221	11.8223552736694	7.39186253168778	11.3334458081968	9.43050418248776	5.93428271446366	12.8437837963145	7.10227800799324	12.4042428338544	9.87911016062974
RUNX1	11.0273500993925	10.7899046449434	11.3099990651749	10.514189269172	10.8176434951328	10.92108509947	11.1504222740018	10.7207368391147	10.4742155951339	11.2774666836112	10.6936929047032	10.3944352594344	11.1527448387103	9.64598931381	10.5915088056738	11.020047268242	10.4348274910375	11.0783083038352	10.6450254453159	9.91157455587626
RUVBL1	10.4350781718088	11.0466015035377	9.6276024135481	10.9201152893994	10.7267806965017	9.762027248491	9.79609390988428	10.5069194246128	11.0171572811168	9.4703777206365	10.449263662878	10.4646497681749	9.30613265766189	10.595880465512	10.6437795525337	9.00810294775533	11.0229526420005	11.1757866777288	10.8654320507285	10.3348499968518
S100A12	11.4157128469419	10.6723180035892	12.0128827256831	8.85220056767373	9.86010591525453	11.0983417560837	11.0031808962866	11.510734398297	4.73676268630647	17.7448918945597	12.1252088190983	4.81167366690651	12.2451259422613	11.2596345692352	9.89049538289207	11.0444788922179	14.6863055728033	10.6189808621876	5.22667673264661	11.1398895999921
S1PR1	9.21588818251069	9.41554258822709	9.01336499045143	9.47498641547632	8.79117128377162	7.70103661860186	8.6611331407752	8.61128569669866	6.66686067307631	8.66348810902992	8.09292553720479	5.88038641699053	7.40037403154329	9.06102681308884	9.13803023009091	8.17306957405078	7.04039777645986	9.22178510244933	8.74654420514588	7.31142565134042
SAV1	10.8521751932659	11.9737147880607	9.52446225332297	9.78579262322613	10.5743341062683	9.7140927714273	9.88850724883259	10.7473887024331	9.54828925958173	10.2309764213678	10.7766865141992	9.37596259936292	10.440131740781	10.5898692274781	10.5951751228716	11.3578608854455	8.21278681785366	11.2707450052277	9.95459718720981	9.04495216153986
SDC1	4.39890455925531	2.95611096958979	4.32445152569136	4.05592914474514	3.8138913602717	2.24160499996456	1.55609767007691	3.16834220084993	3.11227182139867	4.26464264325366	3.23494454207721	3.36101225789695	3.31291119029295	5.38642709988301	0.973123303415226	3.6123546195763	3.47746158206871	2.32091829446858	4.04610448700479	2.33414572784051
SELL	11.8751444655792	13.7065787029053	11.9485221595977	7.30385665818873	9.29501805000832	10.8919387538105	10.1683518624658	10.1554031451424	8.09716492900846	11.4080865984616	10.5998087521152	10.6165129910453	11.9386200333574	11.9966001634014	9.73134651814195	12.5255432390852	10.943584403305	10.3883526552251	7.4338346402879	12.9050687253745
SERPINB5	1.39890455925531	2.73371854825334	2.6363955320061	3.41849922412985	1.8138913602717	1.9196769050772	0.971135169355753	-0.639012721207676	1.84923741556488	3.04225022191722	2.81990704279837	2.26147658434604	2.31291119029295	1.68598738174192	2.29505139830259	2.29042652468894	1.60299246415256	3.12827321652618	1.72417639211743	1.91910822856166
SERPINE1	3.72083265414267	3.3186810489745	3.05143303128495	4.5705023175749	3.39885386099286	4.44323886113421	2.77849009141336	3.16834220084993	5.11227182139867	4.82652153086178	3.35042175949715	6.06883150640364	3.69142281354668	6.73038150110037	3.14304830485754	4.09778144674654	3.47746158206871	3.12827321652618	8.66277584745328	2.33414572784051
SETBP1	11.0562230088366	10.4341582663944	12.2106736816966	9.55463591211588	10.1297956675313	11.5531262797907	10.909244495575	10.7554499734026	9.93457708492225	10.6454644271946	10.0970652675657	10.457639574397	10.7967269675572	10.2671879636669	10.600657187888	10.6730505512639	10.8991439241065	10.0640696885811	8.81869399090172	9.92286036342277
SETD2	10.8937601437465	11.2605437833332	11.209201007083	10.5906488906867	10.9224158170499	10.985766095535	10.8174090807057	10.8096198465229	10.643653281915	10.8912208415966	10.5785004166139	10.5801807783591	11.0374250434129	10.9644368399624	10.6151749963432	11.0726057185201	10.7862142882083	10.7324292824807	10.3437850356455	10.4984241661417
SF3B1	12.4995668982605	12.4306860744876	12.8263573270376	12.56542140629	12.3279478505698	12.8973145954831	13.0868291215528	12.3366561523863	12.4569376037021	12.5075898770144	12.6356461203747	12.5879060714683	13.263612880382	12.4232347247697	12.2871400073166	13.2660953982829	12.6760182397093	12.8522997549849	12.2742818371741	12.4941746931403
SFN	4.56882956069762	4.47068414241955	5.85878795334255	4.8335367234087	4.13581945515907	4.7270318271348	3.87802576496427	6.04748780597554	3.52730932067752	4.51618141024963	4.55687263696458	8.53093725933926	5.1609080968479	9.68034081860078	5.52771215509286	4.99086624283003	6.28481650412631	4.40838113571892	4.72417639211743	3.50407072928282
SH2D1A	8.42681055582519	6.89022303393333	5.85878795334255	4.5705023175749	5.08690985467812	7.86804413666187	7.11068652175455	4.94594977951348	5.08189817235515	6.94914081752573	5.95376278953316	8.02776884978175	8.90387243163555	7.93391489518551	6.71459028981637	7.09778144674654	5.57261881510905	7.32091829446858	8.27876524379507	6.54359909346946
SH3PXD2A	6.8251693139574	7.4796729256468	7.72385837325644	4.77213617874455	7.50505326482479	6.88546118973928	5.75249488288041	7.86481301678807	6.79409586137242	5.19425331536227	6.63866672812822	7.03908416300959	6.36602252675252	7.32984357151665	5.22105081685881	6.01834697925214	7.02925721885466	3.78034991310588	5.59864551003357	6.55331424830267
SHH	3.98386705997646	2.95611096958979	2.92590214920109	2.8335367234087	3.55085695443791	4.08960190651951	3.55609767007691	2.36098727879232	1.52730932067752	3.19425331536227	1.97191013624342	2.45412166228843	2.57594559612675	6.73038150110037	3.67356302155632	3.09778144674654	4.10549280468175	2.64284638935594	4.66277584745329	2.50407072928282
SIGLEC5	8.61807307971747	5.73371854825334	7.24125759016496	3.94901394082863	7.4383822251795	7.25952690796182	7.89594767296153	7.3209892108604	7.14201916479272	9.4998591049477	7.80480015040816	7.09074628283208	7.79833801746319	7.87581194062194	4.8311042985428	5.74985814332624	7.94876730099429	7.62469904264568	6.93362975774638	6.90400133617146
SIGLEC9	6.89075765558498	6.03139909689403	6.13889587253528	4.33603706393788	5.273322978909	5.67456440724066	6.44686860032215	5.5898059692882	2.11227182139867	7.36417831680458	6.74801412431658	2.45412166228843	6.5145450514626	6.07830480452068	4.8311042985428	5.71669127939104	7.25643470275649	5.17889928959615	4.99719488652384	4.19212672296808
SIN3A	10.6095759030409	11.0883352618469	10.9890520618186	10.6072254235804	10.8362591733002	10.690340797994	10.2749159175329	10.7687861290143	11.018661394241	10.4326580546873	10.4939030926451	11.1976938512241	10.9261481450093	10.7945118385201	10.4529035674443	10.6457776211138	10.6299769052514	10.456627580573	10.6300647681366	10.8776609439927
SIRPA	10.1251227185875	7.32866513754712	8.01336499045143	8.87062604214391	7.4863167022432	9.70921055004756	7.53337759357683	9.36098727879232	9.67324146649803	10.3929439010312	8.65560659054994	9.53493918989676	8.40037403154329	7.9148060722378	6.44885673438162	8.78628155157611	8.69751006293685	7.28670257913067	9.86031308010346	6.07561271424165
SKA1	5.39890455925531	5.39668356097577	3.6363955320061	7.22585414618746	3.39885386099286	5.27722890969528	6.80402518352049	8.19071001387838	8.73432364085505	6.80306255803779	6.71607123181383	8.80947275871324	4.99098309540559	8.8357345012466	5.4649763997449	6.74985814332624	9.51388499031858	4.9647744842433	9.10788068459148	6.64702868312486
SKIL	11.0454632694099	11.9210706214538	11.8721438628457	10.310620360408	10.2303370539434	11.3775707423919	11.7984778735899	11.9513404097703	11.1276868737854	11.3531154215707	11.4144390049759	12.5562614156991	11.0804335765215	11.4657067368853	10.948971271422	11.6638354849176	11.6775799603113	10.1298824693878	12.6412997953822	9.7424754686079
SKP2	8.59857690409167	8.93011576105685	9.30252088562186	8.99004120908869	8.37358710238243	8.82656750068571	9.223800601806	8.95903977895392	9.32982568579874	9.47409600888261	8.87398371555416	9.2901720173465	8.96826301890551	9.36546748124737	8.88601263964519	9.50717238288425	9.98092596876867	9.04883874903178	9.77583851193992	9.37169268180268
SLC1A5	9.63969589141726	10.5592073990362	9.23960973728348	10.3855653347678	9.86373990972227	8.93369737539213	9.13604209603144	11.1146218976457	10.8537388077998	9.49803406353937	9.5880913675753	10.7168038046506	8.70178952910494	10.9760062286745	10.3568275958893	7.41970954163391	9.97513200499369	8.69595772581551	10.5250762920377	9.91910822856166
SLC2A1	6.52818757620027	6.23621888878253	7.35521377946205	6.51536076338244	6.33745331632872	6.08960190651951	5.87802576496427	6.26787787440084	5.93670025681522	6.17610596865201	5.43134175488072	6.12654700425993	6.05707228586336	7.38642709988301	5.80601331757997	6.81398848074595	6.26595747687499	5.99334363644008	5.86713434595947	6.50407072928282
SLC7A5	5.68430677811755	5.87667650209539	5.27382545262139	7.28199722422499	6.06181887371529	6.41153000140687	6.95981985612792	8.44313632014619	7.6922162473532	7.13911176116981	7.04229946413482	8.12654700425993	5.6056929395208	6.93391489518551	6.85576635277707	6.39895098146711	8.37558196804949	6.36531241382703	6.98470394234065	7.61491649797111
SLIT2	4.48636740050564	3.47068414241955	2.6363955320061	3.24857422268754	3.39885386099286	4.82656750068571	3.77849009141336	5.29172461635521	3.22774903881861	4.19425331536227	3.55687263696458	2.91355328092573	3.31291119029295	6.73038150110037	3.29505139830259	4.19731712029746	4.01802996343141	4.12827321652618	5.63106698772595	3.7935773464778
SLPI	4.39890455925531	4.23621888878253	4.11032672033851	2.8335367234087	4.55085695443791	5.12913027070615	2.55609767007691	2.68291537367969	0.527309320677515	9.54651748862059	4.10941365999336	2.62404666373074	6.18080765428561	5.14541900037922	3.43255492205252	3.46035152613125	8.04039777645986	3.78034991310588	0.139213891396272	5.26488306540339
SMAD7	7.0993442773964	5.90364354969565	5.37336112617231	4.41849922412985	6.37867597905523	7.70757946446863	6.76555103570586	6.10245426519347	8.72698166551388	8.04225022191722	6.82989113137099	9.41990594695052	7.25776963610049	8.14541900037922	5.67356302155632	7.84501537636658	9.1317721294806	5.64284638935594	8.30412081807196	6.56296441833639
SMC3	10.8766628256992	10.9284754026756	10.8129842637294	10.8651230664665	10.6255336407324	10.7830888640188	9.92533147974263	11.1150396463212	11.4236417245875	10.8170372815184	10.5133940002977	11.0163640865095	10.7163493533012	11.3062072072494	10.5933431289227	10.8621791681925	11.8646956453311	9.98802983654361	10.3278027371036	10.4242581475048
SMO	2.72083265414267	1.14875604753219	4.9900324866208	2.8335367234087	3.22892885955055	4.50463940579835	3.14106017079806	5.11587478095579	7.42212708398546	3.95978806172524	4.10941365999336	6.03908416300959	0.990983095405591	7.20954933779893	3.67356302155632	3.09778144674654	5.01802996343141	2.64284638935594	5.22667673264661	3.14150064989811
SMS	9.93417993587611	9.74308065145703	10.1344690662363	10.5794911008022	9.97039584595169	9.98037283676475	9.80876310252716	10.8199064857599	10.7681006528395	10.1402823048777	10.6200879319682	11.5714400882984	10.07579148321	10.6314312181198	10.0933611807572	10.5359792309446	10.664588673586	9.72818605871331	10.8431174648409	9.9331286988766
SNAI1	5.60835792488426	4.95611096958979	5.89273528526589	4.49650173613112	4.31639170080089	4.44323886113421	4.97113516935575	4.71853928341041	5.11227182139867	4.8723252204749	5.04229946413482	5.26147658434603	4.94517940579247	7.30069722585713	5.25852552227748	4.6827439474677	7.33091291871576	4.12827321652618	6.06995122895916	4.54359909346946
SNAI2	3.56882956069762	1.73371854825334	2.46647053056379	0.248574222687539	2.22892885955055	3.62011662321829	1.97113516935575	2.16834220084993	2.11227182139867	1.8723252204749	2.45733696341366	2.45412166228843	0.990983095405591	7.46734709526658	0.973123303415226	1.8753890254101	2.01802996343141	1.32091829446858	5.89410139355974	1.91910822856166
SOCS1	8.08540508643852	9.26510000876966	8.92179775086835	5.94901394082863	7.34786993227406	8.25506725977112	8.09525648118494	7.40538139815078	8.2103039043592	8.22987722509299	7.14183513768573	7.78951201698236	8.07313213675946	7.14541900037922	8.72466736250433	7.03189351109009	6.63273980754662	8.04883874903178	8.76492273446074	8.8399572817601
SOCS3	9.1268250138185	7.28830739993098	8.02489124383245	7.66642673757344	5.18312516993742	7.04895992202216	8.29306326424311	8.68065939973932	8.6871806574559	7.67968014253251	8.25360838634225	6.39663616762767	7.95098502747367	8.14541900037922	7.16294786229524	6.46035152613125	7.73912915213859	7.79665172543498	9.60885570863579	8.56536690855169
SOD1	10.9932291631802	11.066128127009	10.2826542119961	11.1273915073018	11.6158691048749	10.2925419651898	10.4047206105062	11.0227653765643	11.4225058932409	10.2121752233595	10.9440283546276	11.1247779114069	10.9531561265153	11.1226989238791	10.9244080183822	11.3009546305754	10.8493372072335	10.8571655101567	11.0302380815458	10.5879932128279
SORD	8.81253248827948	8.493051955448	7.88009845958796	8.56598683645241	8.78734957281921	7.82656750068571	8.47892980955445	8.45638430158488	8.83792210233704	7.71152900857185	8.56884527863065	8.52289994027384	7.53014190651362	8.50616634415711	8.41606679926396	6.46035152613125	8.70102454711309	8.19128301405198	8.45209684668063	7.91910822856166
SOS 1	10.5165476606444	9.89527036867065	9.32910788812258	9.85405374074921	9.04591248280593	10.4412773448009	10.0822708395905	9.84581017305447	9.22774903881861	9.99773869095822	10.3625090417959	9.53893005009279	10.5056971495441	11.3530989238169	10.5942594166899	10.4054701748506	9.73055696387123	10.1569686495267	9.32408923430456	9.98699070084249
SOX2	3.20625948131291	3.14875604753219	3.16691024870488	3.24857422268754	2.22892885955055	3.7270318271348	2.77849009141336	2.68291537367969	1.11227182139867	3.19425331536227	3.23494454207721	2.77604975717579	3.31291119029295	6.14541900037922	0.973123303415226	3.09778144674654	8.7184696815725	4.02135801260967	3.83965360953736	2.33414572784051
SOX7	7.54865167875999	8.29341429036407	4.78839862545115	9.14339198599548	5.4383822251795	5.50463940579835	4.14106017079806	6.62777381948723	5.4580466582404	5.26464264325366	5.97191013624342	7.18883128251427	6.29476384358269	8.68598738174192	7.9214905349999	5.04531402685241	4.47746158206871	9.13790191772396	6.85345940906239	4.88873457951814
SP140	13.3445312814851	12.0824467024844	12.9492784872905	12.7777607279384	12.1585571425751	12.4478868016999	12.7357994614291	12.5754581903282	12.1628007269292	11.6259598393283	12.5500941043335	12.8788128538014	11.8524577705314	12.2319171508274	12.7591886845792	11.1897834476121	11.5158818003825	12.9079925716696	13.0636552837355	12.837598820854
SPDEF	2.98386705997646	2.47068414241955	1.78839862545115	1.24857422268754	2.8138913602717	2.50463940579835	2.29306326424312	1.68291537367969	0.527309320677515	1.8723252204749	1.64998204135606	0.454121662288431	2.99098309540559	5.00791547662928	2.29505139830259	1.8753890254101	2.33995805831877	2.32091829446858	2.94656881345388	-0.665854272159493
SPEN	10.721959319597	11.4049647360596	11.2950037410194	10.7303736543533	10.6614707599388	11.1057911446188	11.1113258725476	10.933213791586	10.5805564465899	11.2221593119322	10.6868424880291	10.8464390850672	11.6024690386465	10.4070865704491	10.7659135977163	11.0503147079108	10.7535859873429	10.6246990426457	10.1035547591887	10.0074548034022
SPHK2	5.8251693139574	5.79261223730691	5.19439098512699	5.49650173613112	5.65519361425265	5.70103661860186	5.99350298238421	5.62777381948723	5.14201916479272	5.19425331536227	5.71607123181383	5.68294035278431	5.87362614476743	7.44087488390539	5.9273196138021	5.71669127939104	6.14731298037637	5.81277139079825	6.28896101090095	5.69169773245859
SPIB	12.0615729347728	12.4847046127345	12.3162665528094	12.7598327181898	12.3856440037752	11.3443680965902	11.7230975828166	12.6101007315061	11.820493551437	11.0503675493397	12.6395539399149	11.7343124545053	11.4235249957938	12.1371984935742	12.2797546651277	10.830554563271	12.0888217728545	12.7800937300206	13.0398920501396	11.8968651548898
SPINT1	7.14037154565645	8.00673704265976	8.79514545789174	5.74042731901721	6.95684931411375	6.86219141041644	6.21906268279934	9.01024345630964	8.93245078381386	5.95978806172524	7.60417835174293	7.47648947531689	7.21980178590147	8.32984357151664	4.9273196138021	7.74163763652127	5.94876730099429	6.38700748492635	5.83965360953736	7.68287388207158
SPINT2	10.6703675871597	10.7735515033924	10.603461642644	8.0299339362122	11.2097824659303	10.3574289774008	10.9077731083583	11.5710497620326	11.98006534971	11.0565807158803	11.2471034701456	10.1362384272385	10.8270334504637	8.60485061901652	9.55808580413638	10.0652135842901	10.2765959973213	10.602848321424	10.81957341491	11.5511946413968
SQLE	9.03914949547765	10.7643856845003	8.98217036884783	9.09406427363191	9.4863167022432	9.81146060829551	9.39739992405785	10.1771709602247	10.9104735813126	8.82652153086178	10.1196238585956	10.8258983066264	9.52820149594419	11.9003065025427	10.9864459768407	9.18524428799688	10.1447344362746	7.90588079518974	10.5748841523328	12.0188943482621
SQSTM1	11.2070643321237	11.6913043098674	10.0191396280781	12.5118434230602	9.97376269705009	10.1923066900536	11.1404338651486	10.9692421007702	10.313578948326	11.2885949649981	10.6034510035849	10.6371366631712	11.2501378642724	10.069691674216	10.7577581489727	10.9342827144637	11.1389158062192	11.0377377557985	10.9854878027462	10.3277917878571
SRC	5.48636740050564	3.73371854825334	3.6363955320061	5.67483897738964	4.03628378160815	4.44323886113421	4.21906268279934	4.75330470157108	4.05087127673453	4.19425331536227	4.23494454207721	4.81167366690651	3.99098309540559	5.68598738174192	5.75448301693989	4.74985814332624	4.41034738621017	4.71323571724734	4.94656881345388	2.7935773464778
SREBF1	10.2030355804386	9.06463542636796	7.97822318433117	9.37527869553073	8.92241581704987	9.18177175044737	8.43874071943875	8.52840542462406	9.87382305384315	9.14612081968917	8.91676858205096	9.44138567436097	9.98957352515092	9.79451183852009	9.29279542436222	9.13904946511828	9.28247256365801	9.05901055408907	9.80987014051471	9.49905265451619
SRM	10.8917591794301	10.7167121229477	9.32289605918932	10.8447639788319	10.5050532648248	9.98037283676475	10.5371892075268	10.2158556620526	10.6345263962689	9.50168184055451	10.5048504246163	10.0807433146468	9.35511775041364	10.5220377368	10.7035934405994	9.00810294775533	11.1173777738346	10.1742278498723	11.207320367255	10.6856371371605
SSRP1	11.044562991664	10.7023853414486	10.7753783346277	11.3065659454467	10.8745872919593	10.769863742723	10.8438100496264	11.1942727143768	11.9193583600417	10.52247943415	10.8865942415718	10.7573316112332	10.5204136495517	11.3207984319136	10.9068139583675	10.5047456454897	11.9531950130351	10.7834205670658	11.7803624888075	11.0315477353432
STAG2	11.7315006170445	11.8702825115397	11.931781839441	11.3797881277738	11.6473085789155	11.9076514293733	11.7561788841355	11.487369109335	11.8704950361254	12.117283613626	11.7698958268083	11.1092051074864	12.1221970004919	11.6916119309358	11.6106538549405	12.2344064390327	11.8173115849533	11.9764490176242	11.8513109424838	11.3167828615099
STAP1	9.67036758715968	9.72995662945714	9.84042318593398	9.41096555144444	9.68630973862308	9.28818336658489	9.08227083959046	9.47342678557388	9.4595240726459	8.63054843520163	9.84842708280842	8.47371239064631	9.73749741654405	8.48040324809203	9.4649763997449	9.51924521518482	8.6762414461832	9.30105787210774	9.61494732236267	9.82098074940356
STAT1	12.3882990591	11.4936067314752	10.9742651707625	11.8964822969693	10.9542951174462	11.1782429389671	11.2349911889518	10.8397568982681	12.0336169017778	10.1998778645561	11.6545536565237	11.5435721434043	11.7408525228024	11.4558252253714	12.1956163556617	10.5665509299632	10.4242349688503	10.2953328842741	12.9469712949855	9.90589837134405
STAT3	11.8397737268662	10.9816460616969	10.9068206497644	11.7789805597866	11.0736346239625	11.3258819104961	11.2220257050791	10.1049801398525	11.6729230961909	12.1481587304884	11.430521808828	11.3995654986663	11.677921267076	10.9874835767245	11.7610258628067	11.0519777571334	10.6931048838169	11.4418041372564	11.2444676710972	11.0646158650247
STAT4	7.64683207269889	6.05564664314071	5.84150996191071	4.70800584132484	5.03628378160815	7.86219141041644	7.39739992405785	5.14234699231698	4.69723432211983	7.50894984101855	5.87880073185194	6.48754466382588	7.66340843737709	6.97138960060417	6.76753916976533	7.2791112114611	6.96054446877065	7.26343279980782	6.30913889283858	5.74353666397821
STIP1	11.4870302514435	10.9918919586435	10.8848502499287	11.763288276826	11.5519836198922	10.7533576537319	10.1927222906206	11.3950984248889	11.590704401966	10.5934244091821	11.3360447912515	11.2509724575556	10.6239782925485	11.3262323179643	11.2509918495921	10.5132214275571	11.1317721294806	11.069111144058	11.6957199460682	11.6586075838178
STK3	6.04276074903003	7.03139909689403	6.87586146670149	8.12509116925254	5.58648086416863	5.59210224704869	5.85377821871759	7.10918012838178	7.04300915896156	6.91671933983336	6.05937297749376	5.06883150640364	5.45041471404289	7.79451183852009	7.57303614560235	7.16079124427234	6.92492055903993	7.21573605777652	5.46114198628363	3.72646315061927
STK4	12.521732554063	11.4924969660044	12.4588778459123	11.597855451505	12.038696988261	12.8665831795336	12.2361641118139	11.665908948374	11.6710113975354	12.1341263276702	11.9514782363386	12.2693047922965	12.2347521273674	11.0033999955068	12.0311150261744	12.3788835281752	11.9663971950161	11.9906891829941	11.6617954226511	11.5985883280671
SUPT16H	9.38758924602747	9.46842816847918	9.31509347099313	9.56145717797189	9.4697201917125	8.86804413666187	9.223800601806	9.52589420546801	10.1392562624975	9.17153323886218	9.39817489094552	10.8318744573107	9.20043646103454	9.50616634415711	9.32847439984004	9.17306957405078	9.57453601810334	9.28381429980584	9.97210390556101	9.46728794024111
SYK	12.2238632997838	12.3856671589768	12.404579856783	12.8717698581405	12.6747196955986	11.3380566244422	12.9220555213859	11.9343977842999	12.1431688142606	12.5695100036994	12.4952760606348	11.7998041104752	12.594377626293	11.1917989356615	12.9498664101495	12.6822071307021	11.8674350643792	13.5308285224144	12.1451892478967	11.5941831489471
TAP1	11.7750299485315	11.3416652666442	10.4867560314084	11.8288327901873	11.1604050934373	10.1254701544744	11.0959027051782	11.0025874946267	10.449150257752	10.4459724079682	11.1720731102431	11.1722263754102	10.891095158383	11.9527739224368	11.582763777852	11.1225253707281	9.96493623788781	11.0606989042418	11.2273395835845	10.1138650829839
TAP2	10.7944386947176	10.2533548010966	10.131806447749	10.4821938994472	9.64678137443645	10.1508980857884	10.9063002189594	10.1537775730934	9.92177201528783	9.72563477587858	10.3170935834311	10.7481679755599	10.4182959395406	10.2328818416296	10.9603873154878	10.2373327991453	10.6048697513932	11.1506410295546	9.30913889283858	9.8449098957584
TAPBP	13.1380522692418	12.1087579796003	11.8851137799397	11.5523549708646	11.1794847565981	11.4544661165575	12.3399144293971	11.4711442977464	11.4304379974898	10.8460225867803	11.8189674823348	11.2893825809159	12.2311781493855	10.7892751901539	12.1657243531272	11.1272658844377	11.389262091801	11.4090439866568	10.4395664517245	11.5722518652726
TAZ	9.9649585974264	10.5697689033114	10.3322038014155	8.73641425651059	8.88714034230234	9.94343125837661	9.67849430143664	9.61955331268226	9.4873112527456	9.54121020474115	9.70797376411523	9.75218423000745	10.0394699693979	10.5747306306402	9.53727279340096	10.009815345631	9.71151692093073	9.85424802677441	8.75392373551148	9.89447856205295
TBRG4	9.41571284694186	9.17666204410207	10.1712387699264	9.48458841458762	9.33745331632872	9.11196971954796	9.08747913059322	9.4189790015515	9.45508728275986	8.58657073814103	9.26100683866341	9.5769496570961	8.94808513696788	9.28590022392905	9.41606679926396	8.63027652757356	9.04039777645986	9.08910261924551	10.0684723000332	8.85378198068372
TBX21	7.3177677965299	5.05564664314071	4.71439804400737	7.84103125995562	4.03628378160815	6.62011662321829	8.36773995053761	4.06142699693342	3.11227182139867	6.88355247589816	5.64998204135606	4.03908416300959	6.73245008180674	6.6401836921288	8.16294786229524	5.8753890254101	5.92492055903993	5.81277139079825	4.83965360953736	4.46342874478547
TCF7	9.67502896452954	9.57920859919772	6.85017482303784	4.8335367234087	8.56877886243517	8.18177175044737	6.60049178943536	6.84480305605658	9.90777038576649	7.03219655725329	6.35042175949715	6.87197417717433	8.85826183511525	7.70835519477038	6.22105081685881	9.17612289802833	7.48563551351441	7.10227800799324	4.99719488652384	8.45567924518054
TCL1A	11.3726019255607	11.806967530284	14.2286449125569	7.25980147811079	14.6913033186336	13.9863547618767	15.2421969064872	13.0139442579308	11.7832230700153	11.9710153171485	14.5778988598566	12.0496122688961	13.1043997068915	13.9687862404255	10.1329946401936	13.8477705551788	14.4189760908053	13.0766404481109	14.4675381989833	2.14150064989811
TCOF1	8.02095637871168	7.9753045348231	8.0958271506434	8.61489643693336	7.87278504932527	8.26840505930827	8.31098517224038	8.03694431173407	8.58800525236507	7.44975404851065	7.97641152847836	7.74414050922105	7.77234280893025	8.85591238318423	8.46096333723828	7.89033936687607	8.85723375152835	8.14109725688377	8.35838241185843	8.16386846292657
TEAD1	3.20625948131291	3.60818766616948	2.92590214920109	3.41849922412985	2.8138913602717	3.82656750068571	2.97113516935575	3.16834220084993	3.22774903881861	3.77921581608342	1.64998204135606	3.62404666373074	2.99098309540559	5.68598738174192	2.29505139830259	3.46035152613125	9.4856355135144	3.32091829446858	5.42461611025852	1.65607382272787
TEAD2	9.21908352167049	8.68403142415299	9.19098438368374	2.5705023175749	8.16556679855312	9.62530929243861	9.91071438367045	8.73167468559954	7.5825917561787	8.56929274670919	9.40653836388014	9.00294357074718	9.27869547495504	10.0825921629238	6.51228211452326	9.83539095747818	8.09484556048224	7.2981982179685	8.99719488652384	5.65607382272787
TEK	2.39890455925531	2.14875604753219	2.6363955320061	1.8335367234087	1.8138913602717	2.7270318271348	1.97113516935575	1.68291537367969	1.84923741556488	3.3317568391122	3.23494454207721	1.45412166228843	1.57594559612675	4.27094988246308	2.97312330341523	2.29042652468894	2.60299246415256	2.64284638935594	4.783070081171	0.334145727840507
TERF2IP	9.53333087947623	8.63257182479644	9.12110655909176	9.49887264059387	9.43350000379975	9.41752874202831	9.23792171005065	8.75330470157108	9.23811575437687	9.41728965326414	9.22362922884938	8.93187992873232	9.63303478833357	8.30069722585713	8.8091736584733	9.77625583339084	9.35342031812533	9.54250541573339	9.80987014051471	9.38399427729107
TERT	2.98386705997646	2.47068414241955	1.78839862545115	5.53397644154979	1.22892885955055	2.50463940579835	1.55609767007691	5.14234699231698	6.65659233762248	4.26464264325366	4.35042175949715	5.00871051396607	-0.00901690459440907	6.54396837686949	2.55808580413638	2.8753890254101	6.16777708293609	1.32091829446858	5.22667673264661	5.16703574200525
TET2	10.5837799021636	11.2863876457676	11.1888511657276	10.0671564001684	9.88535372282833	10.7961938516422	10.7176494904942	10.686292733882	10.8559842480055	11.1402823048777	10.7578529556357	10.785038540403	11.2222042761168	10.5439683768695	10.4917764590886	10.9891311914593	10.2115553239326	10.672961720264	9.95459718720981	10.2357668861866
TFDP1	9.3177677965299	4.60818766616948	8.45515521733595	9.79546868257518	9.33221666796257	8.7140927714273	9.11068652175455	8.63011395794174	9.19619430494376	9.78221830424495	9.62869250046242	8.74414050922105	9.33971124963667	10.1937820219406	10.228151873234	7.20928976196353	11.048007310021	8.60168906459918	9.76492273446074	9.61143312797086
TGFB1	11.8304021635134	11.0608969038279	10.7030827307795	11.4628933434883	10.7825581534669	10.9695254545278	11.2101369271213	10.4087928327999	11.2307803667495	11.7024442459194	11.0239346967263	11.1854406933135	11.5238260063669	11.6560932723541	11.2688922378357	11.2634063107552	11.4076613026919	10.9520953501726	10.8089847799218	10.9111023925466
TGFB2	8.57383024175598	3.14875604753219	2.92590214920109	8.89603264914246	3.39885386099286	5.16760441852078	2.77849009141336	6.25580504210027	7.35385780796843	5.62721272263837	5.00753404597414	2.91355328092573	3.57594559612675	4.49334230379952	3.88001389902375	3.8753890254101	3.33995805831877	3.32091829446858	7.27876524379507	7.58207324128409
TGFB3	3.56882956069762	4.79261223730691	5.59575354750876	2.24857422268754	4.22892885955055	5.59210224704869	4.49469712541277	4.91557613046996	2.33466424273512	5.12025273391849	4.69437616071451	4.81167366690651	4.38330051818435	7.00791547662928	4.72801080557869	5.46035152613125	5.14731298037637	5.56884580791217	5.72417639211743	4.19212672296808
TGFBR2	12.8698175855302	12.5560238117769	12.1996977484154	12.5345543286158	12.8777358092763	12.7488050004457	12.4806627767789	12.0679149184097	12.6438157384256	12.5291969460889	12.4435853506355	12.2123448770152	12.9511660772375	11.5439683768695	12.9356578669265	12.5336005081619	10.8108202577325	12.7841872104499	12.1532343617112	10.9373084073749
TGM2	5.04276074903003	4.14875604753219	2.78839862545115	4.24857422268754	4.13581945515907	3.50463940579835	4.87802576496427	3.06142699693342	3.69723432211983	5.6002456750381	3.55687263696458	5.77604975717579	3.99098309540559	5.00791547662928	5.85576635277707	3.74985814332624	3.33995805831877	3.49084329591089	8.08758112298095	3.42160856909085
THBS1	7.32964189681819	5.05564664314071	6.13889587253528	4.5705023175749	7.5143310784128	5.82656750068571	8.2143091528287	7.27387661502229	6.00304275164391	8.00160823741987	7.73213108270993	6.19558864868958	6.05707228586336	7.77345022299226	5.70104375797843	6.63027652757356	8.52185570142716	7.52059063930494	9.37283356815597	4.82599882417018
THBS2	2.98386705997646	2.95611096958979	1.78839862545115	2.24857422268754	0.228928859550548	1.50463940579835	1.55609767007691	1.68291537367969	2.84923741556488	3.04225022191722	3.10941365999336	3.77604975717579	2.31291119029295	3.27094988246308	2.29505139830259	1.29042652468894	1.60299246415256	1.90588079518974	5.72417639211743	2.33414572784051
TIGIT	7.906699199454	6.87667650209539	6.89273528526589	5.37785723963251	6.5143310784128	7.87387321546407	8.4749609073515	7.04046737829777	6.74647784113968	7.66022777986634	7.77410335318524	9.94396962272773	8.9596498886008	7.81527039868689	6.95040322691514	8.85266894891001	6.6762414461832	7.95754291501223	8.47013076951089	7.24703506407047
TIMELESS	9.390426405331	8.98795983562913	10.5664757549865	9.0782969577736	8.4383822251795	9.77765790020477	9.8795277901295	12.2800368024693	11.199734662649	9.42691407215254	10.1428366615308	10.9727748179618	9.02990208469789	10.1977400355093	9.64023484549025	9.99086624283003	11.782072180738	8.84839530052898	10.7785546000485	9.8625998386053
TJP1	4.20625948131291	3.14875604753219	2.6363955320061	3.05592914474514	2.8138913602717	3.7270318271348	2.29306326424312	2.94594977951348	3.98674093931481	3.19425331536227	1.97191013624342	3.45412166228843	3.1609080968479	4.68598738174192	2.97312330341523	3.74985814332624	3.01802996343141	3.64284638935594	7.12789857816844	2.14150064989811
TLR2	9.63491875115539	8.28318236775311	9.07195004862546	6.60612622730562	9.13281070528673	8.43537674336124	8.96265701543145	9.11420402797128	6.97852043250984	9.12262363838124	9.55837466212981	6.312102657416	9.37252604659018	9.26341620977767	7.9273196138021	8.83732098457658	9.27305853325014	8.32654284366246	8.37283356815597	7.3894281633417
TLR3	4.8583361778926	4.39668356097577	3.37336112617231	1.8335367234087	2.22892885955055	3.37910852371449	3.29306326424312	2.16834220084993	0.527309320677515	4.3317568391122	2.81990704279837	0.454121662288431	3.89787369101411	4.27094988246308	3.43255492205252	4.09778144674654	3.7184696815725	2.32091829446858	3.83965360953736	1.65607382272787
TLR4	9.390426405331	8.90030010662129	10.470690996882	8.40844555946593	9.16261951450278	9.40349268234145	10.0691672523163	10.8712569496905	7.89799672748473	9.90023121704479	10.3486867081264	8.5362707036423	9.34853510002367	8.87581194062194	8.72801080557869	9.98042449610839	9.62720870157339	10.5581282552236	10.8089847799218	9.6795509745583
TMPRSS2	4.72083265414267	3.73371854825334	2.92590214920109	3.94901394082863	3.8138913602717	3.7270318271348	3.87802576496427	3.68291537367969	2.98674093931481	3.77921581608342	3.10941365999336	3.54158450353877	3.99098309540559	5.93391489518551	3.55808580413638	3.6123546195763	4.41034738621017	4.40838113571892	4.30913889283858	3.42160856909085
TNF	7.44329867861376	9.67623305359258	9.20793751696494	7.08146423685228	5.8138913602717	6.7270318271348	7.26575591824738	8.89820567933092	10.0331208745971	6.73030621560248	7.24989488354319	9.98159866834883	9.13053444780438	8.76280297879275	8.00654630495268	8.11060548710413	9.46304480929983	6.40838113571892	9.8534594090624	5.8419403680392
TNFAIP3	9.75425565568012	9.92024551703279	7.88432304544969	7.95593335476842	8.6126331520246	8.94204471810565	9.15352952276028	10.4304370462201	9.10095650817084	8.76714298378285	9.33823235048924	9.8345827273774	9.54557194708323	9.26341620977767	8.18744242421599	8.64357335018702	10.7253890955123	8.68286206820382	10.987054247027	8.7625059005448
TNFRSF17	8.07838465876075	7.48860605041681	8.89901243095205	6.05592914474514	8.10544580611555	7.34594165977929	8.97395018496281	8.90788173867996	6.56073232221497	6.80306255803779	8.35734117343694	9.92985509325483	6.09950755218376	6.59287797735044	8.01204229270753	8.60783913845381	10.6501163762666	6.87550714614622	6.98470394234065	7.40560809039713
TNFRSF18	4.39890455925531	2.73371854825334	4.37336112617231	5.10655521781511	4.13581945515907	5.41153000140687	4.97113516935575	4.49027029573729	3.33466424273512	3.8723252204749	5.14183513768573	4.91355328092573	3.57594559612675	5.00791547662928	3.78047822547283	5.90513636880415	4.41034738621017	5.93562813858379	4.53153131417503	2.91910822856166
TNFRSF4	4.56882956069762	3.84919576567328	3.78839862545115	3.8335367234087	3.55085695443791	5.82656750068571	2.97113516935575	3.44845012004266	3.91962674345628	3.572764938616	4.64998204135606	5.2090091644519	3.57594559612675	6.44087488390539	4.43255492205252	5.19731712029746	3.82538488548901	4.02135801260967	5.59864551003357	3.85770768389752
TNFRSF9	5.98386705997646	4.84919576567328	5.37336112617231	3.5705023175749	4.03628378160815	5.31199432785596	5.256537388218	3.53091228023464	6.81271153953976	6.48703506459011	4.89790955479964	8.76927122454473	5.69142281354668	6.32984357151665	5.01751742277368	4.99086624283003	5.97222627381828	3.49084329591089	10.8500203250956	5.37853984719896
TNFSF11	5.39890455925531	4.84919576567328	4.55393337181413	4.70800584132484	4.39885386099286	3.7270318271348	4.43056678799305	5.64638949765457	5.8848613252956	4.3317568391122	4.89790955479964	8.08347828236804	5.20043646103454	5.38642709988301	4.67356302155632	4.37788936593928	4.26595747687499	4.84448025052559	7.36803258189215	3.58207324128409
TNFSF13B	7.18026427277997	5.82118138950368	6.19439098512699	4.77213617874455	5.58648086416863	6.89695682857711	6.60049178943536	6.3151835891792	3.69723432211983	8.572764938616	7.28660666189971	3.97768361834544	7.48283619173527	7.77345022299226	6.039212493873	6.6123546195763	7.21770230826777	6.97912977722037	6.5142533227432	7.18589476925656
TNFSF14	6.44329867861376	5.64060914386186	6.37336112617231	5.70800584132484	4.98381636171402	5.37910852371449	4.97113516935575	5.77037821493003	6.08189817235515	7.04225022191722	5.26469188547127	7.54687880320828	5.63483928518032	6.44087488390539	5.01751742277368	5.24462283507581	5.44429471813351	5.02135801260967	5.53153131417503	6.24103632344903
TNFSF8	7.41013181467856	6.03139909689403	9.6844282284279	6.33603706393788	8.12374662285849	7.82656750068571	7.49469712541277	6.99034389887193	7.30209638027869	7.50168184055451	8.43461688691358	6.66357502791738	7.92172043296848	7.61672471930481	6.20194199391111	7.6827439474677	9.1779013002098	9.1250493156519	8.02185694075811	6.60093226853541
TNS1	3.39890455925531	2.47068414241955	1.78839862545115	2.24857422268754	2.22892885955055	3.9196769050772	0.971135169355753	1.36098727879232	1.11227182139867	5.91671933983336	2.23494454207721	2.62404666373074	3.7983380174632	6.07830480452068	4.72801080557869	3.09778144674654	3.82538488548901	2.90588079518974	5.18360801075473	2.65607382272787
TNS4	3.72083265414267	4.05564664314071	3.71439804400737	3.41849922412985	3.92936857769164	3.37910852371449	3.14106017079806	3.53091228023464	2.52730932067752	3.3317568391122	2.97191013624342	2.62404666373074	3.31291119029295	5.27094988246308	3.43255492205252	3.74985814332624	3.33995805831877	3.64284638935594	3.13921389139627	2.7935773464778
TOP2A	8.2754215058203	8.42488045280643	6.11032672033851	11.982013305587	6.68836047818785	7.26840505930827	9.43261461664191	12.1413219869162	12.7826330106857	10.5482822534167	10.3530204303425	12.5893499698783	6.70522861307171	11.9621117870162	9.90681395836746	5.46035152613125	12.3542575529148	6.47066541397326	12.6918829889105	10.0501077180957
TOX	7.34141906459454	5.60818766616948	6.95028630782805	6.49650173613112	4.8138913602717	7.02820136185537	5.94841509285567	9.04222569057013	5.73676268630647	6.8723252204749	5.83980660023608	7.25502156220874	7.39186253168778	6.89544074737087	5.39938805811732	6.64797852930702	9.62536027718102	5.64284638935594	8.20530308185404	5.54359909346946
TOX2	7.0713299012268	2.73371854825334	5.44375045406371	7.11893894227094	6.01028857307521	8.44715391113759	5.75249488288041	6.7097154330234	7.36019933484226	6.13911176116981	5.07624679605816	6.84643908506719	5.89787369101411	6.81527039868689	4.49668525947224	7.42997787708773	4.41034738621017	2.90588079518974	6.11649381489619	5.8098791588069
TOX3	4.0993442773964	3.47068414241955	2.78839862545115	2.8335367234087	2.8138913602717	6.97495934057839	3.14106017079806	2.36098727879232	3.33466424273512	2.19425331536227	3.89790955479964	2.45412166228843	3.57594559612675	5.77345022299226	3.14304830485754	3.6123546195763	3.33995805831877	3.32091829446858	3.72417639211743	2.50407072928282
TOX4	10.513948209417	10.306102982895	9.986106783407	10.3065659454467	10.1758351340069	9.98307198636571	9.95697710635909	9.9830390982487	10.0201639408523	10.1919973414219	9.97191013624342	11.2980427135775	10.2377236938987	10.1206156093786	10.0764111118272	10.0436432738679	10.1382678407734	10.0317247281679	10.0934102017831	9.60210281224335
TP53	11.431639087842	10.7148100857033	11.0065985691459	11.1471756100915	11.7172711370831	10.9661188530845	8.91657900573366	10.936053743371	8.7752368341211	10.6956924605211	11.0417626473692	9.72090820298333	10.6139500401961	11.0996153107661	10.9801505703092	10.2329410300282	10.4998293950972	8.76386179031731	11.6078379343143	11.4182897384557
TP73	3.72083265414267	2.14875604753219	7.56450261352432	6.13121727204938	2.22892885955055	3.08960190651951	5.05859801060609	3.06142699693342	3.84923741556488	5.51618141024963	2.64998204135606	3.97768361834544	2.7983380174632	4.27094988246308	3.88001389902375	4.6827439474677	4.60299246415256	3.78034991310588	3.83965360953736	4.37853984719896
TPD52	11.7804475104399	11.5426827231726	11.474198645196	12.148686285665	12.5993438284302	11.6678697546667	12.6484143606679	11.9818943746777	11.0674373592596	10.8926107213196	11.6088971974474	11.8515289066638	12.0398105087695	12.9788841371511	12.7171161644754	11.7727303070121	10.5425716784673	12.6792947747968	11.5523128763115	11.4072831109509
TPI1	11.7503959685753	11.3733607290707	11.4049474692301	12.6761489702526	11.7987844678815	10.9924794396214	11.5840036666468	10.8054845658961	12.6399117242064	11.4340904841026	11.3473840488588	12.3703743611006	11.4742950504049	11.9196070585016	11.649080336357	10.34435240622	11.8818290671603	10.9880298365436	12.1254114786025	11.8144310487769
TPX2	7.16708888403223	6.71861165586313	4.78839862545115	9.61270887769559	5.273322978909	5.75256691924194	7.99350298238421	9.77672904708241	10.7935102331765	9.22105337470598	8.65560659054994	10.8111237545534	5.71890354996879	10.5501735263962	7.41606679926395	3.6123546195763	10.5668518718902	5.32091829446858	10.7147531382308	8.29124776940279
TRAF1	8.21908352167049	7.79980773871111	8.42357257212608	6.69151771853627	6.251296672579	8.65099593610226	8.79768365664667	8.00844570524724	8.79877234858189	8.7580215938143	8.54176574457437	9.52826312504094	8.80476428662263	7.8357345012466	8.47694904141098	8.31833252125882	8.81892986335171	8.72179773075076	9.09921582346435	7.05524491654769
TRAF2	9.48636740050564	10.3435129019544	9.39868528253217	9.29296834204599	9.46733359887563	9.06433514790908	8.6819416030551	9.96646679685399	10.2721431581771	8.87794976966878	8.82989113137099	10.0163640865095	9.95820935424158	6.93391489518551	9.39728959223333	9.16387063720432	9.28481650412631	9.08910261924551	9.62906185183557	8.521497801041
TRAF6	9.48636740050564	9.82999445930999	9.69649096626942	8.6279525897588	9.38374696860265	9.95722385903937	9.13100650613414	9.47472944484151	9.07997841819179	9.63885412907377	9.31354014557333	9.88457421395396	9.79672696755721	9.35841272371342	9.4689783303024	10.2344064390327	9.12655442020958	9.29533288427411	9.06995122895916	9.1952326338359
TRAT1	8.78692184460044	7.515078261778	6.51086464992224	4.33603706393788	6.15966619711343	8.04895992202216	7.29306326424312	5.29172461635521	4.43419991628603	7.91671933983336	5.10941365999336	7.73489243241903	8.73917594499505	8.73038150110037	7.58045361716484	8.17306957405078	6.04039777645986	8.38700748492635	7.66277584745329	7.14792691905754
TRRAP	10.3946717101331	9.76162454482323	10.8646797920306	10.0735329632161	10.4815942920008	11.0418578063369	10.2530651963112	10.648122464879	10.7752368341211	10.6388541290738	10.1124843139533	10.5898309483928	10.6038515926966	10.3006972258571	10.0270491849463	10.256210809351	11.0569489527237	10.0300021070189	10.1698810276432	10.788959076353
TSPAN1	2.39890455925531	2.73371854825334	1.05143303128495	2.5705023175749	2.55085695443791	2.24160499996456	1.55609767007691	2.94594977951348	2.98674093931481	0.872325220474904	2.23494454207721	-0.545878337711569	3.1609080968479	5.00791547662928	3.55808580413638	3.6123546195763	3.82538488548901	2.32091829446858	3.59864551003357	2.91910822856166
TTK	4.8583361778926	4.95611096958979	3.37336112617231	7.74042731901721	4.47685637299413	4.67456440724066	7.02641760485694	8.81219839062465	9.62665713108071	6.98084967725307	7.56287137758602	9.45271209203376	3.89787369101411	9.06102681308884	5.85576635277707	4.29042652468894	7.7184696815725	4.84448025052559	9.69763460466494	7.29993001250259
TUBG1	6.89075765558498	7.04357381084013	7.56450261352432	8.80316307436518	7.35821187649551	6.66114389147834	7.91950240094043	7.27985051606692	8.82193006956914	7.67322512039521	7.59834927294074	8.29961171323281	6.01335090843405	8.48040324809203	7.68048243549611	6.04531402685241	9.05694895272371	6.54973698496446	8.59864551003357	8.02064625502373
TXN	11.0016034242733	11.1473464772775	10.1237889801451	11.6187167021829	11.0837972428108	9.94620034759696	10.8689806253613	11.6935833365815	11.3813985005481	11.8474566773962	10.9091368102229	10.7596134543991	10.5320797107551	11.3043728840005	10.5730361456024	9.91613536775341	11.4682102105962	10.0161465859643	11.8274642005294	10.6966375338866
TXN2	10.5985769040917	10.8378804524454	9.84368106095234	10.8969318046972	10.4249161575791	9.76045482867225	10.2975646564781	10.2641159556046	10.9702528165262	10.0093163325551	10.3188670256223	10.2073384114674	9.69834222748647	10.5532661214516	10.6061185005582	9.19731712029746	10.5973459010114	10.3843133757571	10.5727993325468	10.766165574653
TXNRD2	8.69811257764258	9.09127055287143	8.89483070326808	8.90321025121551	8.50039188745492	8.96133605671441	9.26805137623504	8.75115623499251	8.50458924417743	9.04475272912039	8.80985337813445	8.79174356428094	9.08109551506988	8.86589647175686	8.76753916976533	9.01494037780889	8.50184574069566	8.71323571724734	8.30913889283858	8.0990173185766
TYROBP	11.2166876810298	9.29341429036407	9.82402253518187	8.59730237691862	9.30039122210717	9.73985586749238	11.5584438976893	9.15540314514243	5.38529031580509	12.2630315933477	10.680649177603	6.92172721237143	10.874390081794	10.9196070585016	10.1825766690442	9.55486912491554	11.0038719004347	9.75137084613411	10.0714286433647	8.0518221509069
UBE2C	7.08540508643852	5.73371854825334	4.67592389619274	10.1112115802463	5.03628378160815	6.02820136185537	8.11579341218764	9.2064773297367	10.3386840141875	9.3741624053772	8.16173469512344	11.3591325246787	5.31291119029295	10.1413146020465	8.039212493873	4.93428271446366	11.2134021708341	5.74718304917068	8.67448926801707	7.88873457951814
UBE2T	5.04276074903003	5.50630805215027	4.71439804400737	6.24857422268754	4.87278504932527	3.7270318271348	5.97113516935575	6.25580504210027	7.63583377745568	5.89469303350336	5.95376278953316	6.91355328092573	3.1609080968479	7.66326730524184	5.25852552227748	3.46035152613125	7.00671465020357	4.90588079518974	7.32903845027629	6.78535683967284
UCHL5	9.76522677350112	9.67818660167834	9.54994985789563	10.1896218290281	9.74659824768436	9.37294753908782	9.56732492550016	9.77567251459954	10.1873052131075	9.52337691165383	9.60272328854255	9.71621650765861	9.40249408341766	9.68598738174192	9.71121556303572	9.40677048592641	9.4379901412793	9.58770483516348	10.0565859708731	9.58088632633365
UGDH	9.21268575047234	8.55814698366989	8.07009687554998	7.85590453643715	9.43105268338101	8.18177175044737	8.68538068702188	7.96831759254193	8.84472193444238	8.38407787424228	8.2902269775784	8.33063860885343	7.99098309540559	7.00791547662928	8.54677049090855	9.08158941324396	7.30343218229366	8.0074188216518	7.89410139355974	7.48896383689261
VAV1	11.035529179799	10.2598917177669	10.3718575355819	11.326057579547	10.3030703223031	10.2739262870224	11.0678503238443	10.0631599641579	10.614109006301	10.6788748424609	10.3417255605273	10.5853355673747	10.4276946375428	10.6775092278176	11.1783056296439	9.55955320383836	9.92040507791743	11.2780203360309	11.0309975946146	10.5307478543637
VCP	11.8019165828303	11.3943087537879	11.5220919053455	10.9183451112131	11.1765657975024	11.1448843420207	11.8810282531258	10.8682864029151	12.1668761393593	11.2758698986769	11.4123640800664	11.3050898132709	11.5155248104414	11.567101342417	11.6907997264816	11.2307401218349	11.6487521255352	11.6178345013479	12.0842918865041	11.0025875558935
VEGFA	4.64683207269889	7.00673704265976	3.55393337181413	6.10655521781511	4.8138913602717	5.80231995443904	5.43056678799305	5.99034389887193	5.57170344003597	6.92760765597609	4.81990704279837	5.86351259842613	5.03537721476404	7.54396837686949	4.22105081685881	3.99086624283003	6.32181071160851	4.71323571724734	7.05807712867087	5.94885557195572
VEGFB	10.2142878550688	10.4410776803342	9.56844620151302	10.2400960687632	9.86736477354102	10.003156232409	8.83841390906541	9.82553302912626	10.5538327631973	9.22105337470598	9.62439663116158	9.50668971309258	9.83018688350253	10.173827415565	10.3972895922333	9.17000977430172	9.76789939082825	10.0874472030674	9.83444218289202	9.96076738019888
VEGFC	2.98386705997646	2.73371854825334	2.05143303128495	1.8335367234087	2.55085695443791	4.08960190651951	3.55609767007691	3.16834220084993	3.22774903881861	2.45728772119606	2.64998204135606	3.54158450353877	2.57594559612675	6.44087488390539	2.97312330341523	3.09778144674654	2.60299246415256	2.32091829446858	6.70906949972722	1.33414572784051
VWF	3.20625948131291	2.47068414241955	2.05143303128495	2.5705023175749	2.55085695443791	3.24160499996456	2.29306326424312	3.36098727879232	3.52730932067752	3.3317568391122	3.23494454207721	3.97768361834544	3.1609080968479	6.14541900037922	2.55808580413638	3.29042652468894	3.60299246415256	3.12827321652618	8.98156423481008	2.7935773464778
WASF2	13.7295413839786	13.4688514323933	12.8702814623498	12.7689473590273	12.9112651292619	12.5513087109948	13.0009400169864	12.768387832861	12.0751678267359	12.8556751481514	13.1141448600246	11.794249935989	12.7784775951024	11.437531440831	12.9880155454897	12.8373209845766	12.4555219735568	12.9185053340548	12.416791893812	11.7997121326499
WEE1	9.52818757620027	11.6540714036684	11.4210303775636	10.8951329328421	11.0435113254568	10.265082151795	10.1119649401288	12.0367238341542	11.5562513639999	11.6087271517932	10.9707825902377	11.2731032017209	8.8333334388194	12.7741130739301	11.5315440166839	9.63915467892002	11.7645442845699	8.19128301405198	12.5432910276375	10.2919732886743
WNT5A	4.0993442773964	3.14875604753219	2.27382545262139	3.41849922412985	2.55085695443791	5.27722890969528	6.62934665210755	5.57044064442127	3.52730932067752	8.26893000165676	4.81990704279837	3.03908416300959	2.57594559612675	10.3116962248064	3.43255492205252	5.09778144674654	3.33995805831877	3.49084329591089	4.72417639211743	2.14150064989811
WRAP53	8.12000374796249	7.29850316703687	8.30567431866073	7.42848331270247	6.92936857769164	8.13884542553936	7.62218686053468	7.58980596928821	8.89144397568557	7.64711228007608	7.4637632325731	7.60386878179311	7.9739766700999	8.30069722585713	7.44885673438162	8.30165378011219	7.96054446877065	7.35434129600603	7.67059535191258	8.54359909346946
WWC1	4.92246651531232	4.3186810489745	6.42066684095066	2.5705023175749	5.65519361425265	7.64077609378438	0.971135169355753	8.98669612185679	8.41300569401691	3.77921581608342	7.44439790770616	3.84643908506719	7.56841192344134	4.27094988246308	2.29505139830259	6.86028213301989	8.23719848389357	2.64284638935594	8.12220746609058	8.10233005261743
WWTR1	4.30579515486382	3.84919576567328	2.6363955320061	0.248574222687539	2.55085695443791	4.87387321546407	3.77849009141336	5.11587478095579	5.22774903881861	3.19425331536227	4.10941365999336	1.45412166228843	3.57594559612675	6.38642709988301	3.55808580413638	3.8753890254101	4.41034738621017	3.32091829446858	6.40600043209117	2.50407072928282
XBP1	9.3207454963298	8.87326990065214	7.10309515110744	6.93507474987076	6.84363870366576	8.30769419042233	8.78491636057279	8.46427508720435	7.16393394122116	9.71938256656624	8.3294621408615	8.38485899985132	8.33971124963667	8.02583738462654	8.4689783303024	8.55252137005912	8.76622281302087	7.98625421165376	8.50553610564209	7.32849916469937
XRCC2	6.20625948131291	5.35820941316114	5.82402253518187	6.96281974035366	4.92936857769164	5.82656750068571	7.70584478958159	8.90788173867996	9.05478632673791	7.08177858610385	7.5924965466953	8.58597862289722	4.74587059756906	9.09537831787962	6.16294786229524	6.41970954163391	8.04039777645986	5.87550714614622	9.11075744534704	7.14150064989811
YAP1	1.98386705997646	0.148756047532187	1.05143303128495	0.248574222687539	0.228928859550548	3.7270318271348	2.55609767007691	3.75330470157108	2.11227182139867	1.8723252204749	2.23494454207721	3.45412166228843	1.99098309540559	6.32984357151665	1.55808580413638	1.8753890254101	2.60299246415256	1.32091829446858	6.26849690834124	0.334145727840507
ZAP70	9.40452910844918	7.01912076711559	8.23134212129988	5.37785723963251	9.20906843718971	10.5408130183518	8.98515563967069	6.73602671013925	11.0121322149397	8.47965553422451	7.11758759143906	9.44422562614593	9.08109551506988	8.02583738462654	7.73467453585971	10.1169750119799	9.84457845072232	8.38700748492635	7.12789857816844	7.27078366684308
ZEB1	9.40733318132589	10.1571846696028	9.66368722367384	9.46532008088285	9.34786993227405	9.91826733482253	8.93113710142383	8.80393077464105	9.07034114093275	9.3480586514413	9.37108123006324	10.2671011335399	10.4349626380068	9.58080514504987	8.77725432459854	10.3645679874414	8.84775269851747	9.02135801260967	8.89410139355974	9.23350265076362
ZMYM2	10.0080832973973	9.98953397112724	10.5970410933692	9.45802758831649	10.8025760470439	10.9844196698275	10.385820405163	9.87865666692614	10.427421383655	10.3470451670014	10.7347904291604	9.51481759397599	10.5066829336896	10.248229805963	8.82174624384457	10.7302574086703	10.0773744242558	9.89077390279953	11.0118887716669	10.2552428159473
COP 1	10.2784878088681	9.98006329133424	10.1994858522498	10.2667744015008	10.6255336407324	10.3872824551602	10.5025166298721	10.7687861290143	11.0236638092421	10.8510356795813	10.6909566401734	10.1683671799546	10.440131740781	10.6196780366942	10.6993414627474	10.514428198887	10.4103473862102	10.1458770349971	11.1574140702095	10.6021028122433
FAM30A	3.72083265414267	2.14875604753219	2.6363955320061	1.24857422268754	0.228928859550548	5.50463940579835	3.14106017079806	2.16834220084993	2.11227182139867	6.45728772119606	3.55687263696458	4.312102657416	3.57594559612675	5.77345022299226	2.97312330341523	3.74985814332624	8.62905476073876	3.64284638935594	3.46114198628363	1.65607382272787
H2AX	4.64683207269889	3.47068414241955	3.6363955320061	4.15546481829606	3.03628378160815	3.37910852371449	3.67157488749685	4.3151835891792	5.01916241700719	3.8723252204749	2.97191013624342	4.54158450353877	2.7983380174632	6.07830480452068	2.97312330341523	3.46035152613125	5.06242408278986	3.78034991310588	5.22667673264661	4.14150064989811
VEGFD	3.56882956069762	2.73371854825334	2.27382545262139	2.5705023175749	1.22892885955055	3.9196769050772	2.55609767007691	3.16834220084993	3.33466424273512	2.8723252204749	2.81990704279837	1.45412166228843	2.7983380174632	6.07830480452068	3.55808580413638	1.29042652468894	3.18795496487372	3.32091829446858	3.13921389139627	2.33414572784051
CYP4A11/22	4.20625948131291	3.84919576567328	3.16691024870488	2.8335367234087	2.55085695443791	3.62011662321829	3.43056678799305	3.88454923484934	2.98674093931481	3.3317568391122	3.23494454207721	2.91355328092573	3.89787369101411	7.07830480452068	3.67356302155632	3.8753890254101	3.60299246415256	3.32091829446858	4.72417639211743	2.50407072928282
XCL1/2	7.85011567108763	6.79261223730691	5.92590214920109	4.15546481829606	5.08690985467812	6.88546118973928	8.25190593948636	4.53091228023464	5.50458924417743	6.3317568391122	6.87880073185194	6.68294035278431	7.46671652637199	7.20954933779893	7.35682759588928	5.57582874355119	4.26595747687499	6.60632051333083	8.46114198628363	4.65607382272787
PCLAF	8.44329867861376	7.52379547887911	5.53255972102156	10.7711557539424	6.53270960772765	7.45105836559351	9.51609960214499	10.7788397936782	11.9895559549219	10.8553187951692	9.51261939891485	11.3662625185842	6.99098309540559	11.2232057822805	8.76102586280666	5.71669127939104	11.7497732541392	6.6607682973532	12.4779502739702	9.75831201665861
STING1	9.86242893252649	8.53246034000624	8.48327881825034	6.13121727204938	8.21761354632271	8.76829984550653	9.03183110104331	7.43780287584316	6.12722216286464	9.97823372904606	8.27203386081243	7.56786382833762	9.47681240410749	8.71941038327937	7.76102586280666	8.91978314476855	9.02925721885466	8.50579363737686	8.783070081171	7.27666023317975
CGAS	9.86038400654146	10.6654409968418	10.5808635854311	10.1312172720494	9.5304250545331	8.33330483410137	9.72267922844485	10.8147723342885	10.214685004115	9.76258949749601	9.8508806463945	10.6152535452727	9.73245008180674	10.7971230519766	10.508398680036	8.70405445371311	8.18795496487372	8.93930379672719	10.5591740692442	9.44005423641167
FCGR3A/B	11.7701366876249	9.28830739993098	10.4119143669417	7.61489643693336	9.73474041347014	10.2291532589183	10.8735102838418	9.44313632014619	4.65659233762248	10.8730294894862	10.812373370113	6.18204211685163	9.39399511898059	10.7166545179889	9.039212493873	8.86785535272469	9.79774931857481	8.56884580791217	7.37761863072135	7.91910822856166
CD79b	13.7528783810735	14.3973507717668	14.3700229132764	14.4134026032878	14.151141577336	13.4743856566129	14.6050385787043	13.9602608989502	13.1804902860051	13.2897822055322	14.0235269445805	13.9967908292993	13.5697095763723	14.9053071836011	14.4609633372383	13.3288311536308	12.2256544316582	14.4987271082598	13.9199586890741	13.9440170150193
CTAG1A/B	2.72083265414267	2.14875604753219	1.05143303128495	0.248574222687539	1.22892885955055	-0.0803230949228038	1.55609767007691	1.68291537367969	-0.472690679322485	2.45728772119606	0.649982041356058	1.03908416300959	-0.00901690459440907	3.68598738174192	1.97312330341523	1.8753890254101	2.01802996343141	1.32091829446858	0.139213891396272	0.919108228561663
TPSAB1/B2	1.98386705997646	2.73371854825334	1.46647053056379	2.8335367234087	3.03628378160815	5.16760441852078	2.77849009141336	3.16834220084993	4.81271153953976	5.5447505624464	2.97191013624342	6.45412166228843	4.07844593665593	7.51887739590666	3.14304830485754	4.19731712029746	4.33995805831877	3.49084329591089	4.783070081171	1.91910822856166